customer_id,customer_name,segment,region
CUST-1001,Client Enterprise 001 LLC,Enterprise,APAC
CUST-1002,Client Enterprise 002 LLC,Commercial,APAC
CUST-1003,Client Enterprise 003 LLC,Strategic,APAC
CUST-1004,Client Enterprise 004 LLC,Commercial,EMEA
CUST-1005,Client Enterprise 005 LLC,Strategic,EMEA
CUST-1006,Client Enterprise 006 LLC,Commercial,APAC
CUST-1007,Client Enterprise 007 LLC,Strategic,EMEA
CUST-1008,Client Enterprise 008 LLC,Enterprise,North America
CUST-1009,Client Enterprise 009 LLC,Strategic,EMEA
CUST-1010,Client Enterprise 010 LLC,Enterprise,EMEA
CUST-1011,Client Enterprise 011 LLC,Commercial,APAC
CUST-1012,Client Enterprise 012 LLC,Commercial,EMEA
CUST-1013,Client Enterprise 013 LLC,Strategic,North America
CUST-1014,Client Enterprise 014 LLC,Strategic,EMEA
CUST-1015,Client Enterprise 015 LLC,Enterprise,EMEA
CUST-1016,Client Enterprise 016 LLC,Enterprise,EMEA
CUST-1017,Client Enterprise 017 LLC,Strategic,EMEA
CUST-1018,Client Enterprise 018 LLC,Strategic,APAC
CUST-1019,Client Enterprise 019 LLC,Commercial,EMEA
CUST-1020,Client Enterprise 020 LLC,Commercial,North America
CUST-1021,Client Enterprise 021 LLC,Commercial,North America
CUST-1022,Client Enterprise 022 LLC,Enterprise,North America
CUST-1023,Client Enterprise 023 LLC,Commercial,EMEA
CUST-1024,Client Enterprise 024 LLC,Strategic,APAC
CUST-1025,Client Enterprise 025 LLC,Enterprise,APAC
CUST-1026,Client Enterprise 026 LLC,Strategic,APAC
CUST-1027,Client Enterprise 027 LLC,Commercial,EMEA
CUST-1028,Client Enterprise 028 LLC,Strategic,North America
CUST-1029,Client Enterprise 029 LLC,Enterprise,EMEA
CUST-1030,Client Enterprise 030 LLC,Enterprise,EMEA
CUST-1031,Client Enterprise 031 LLC,Commercial,North America
CUST-1032,Client Enterprise 032 LLC,Strategic,APAC
CUST-1033,Client Enterprise 033 LLC,Commercial,EMEA
CUST-1034,Client Enterprise 034 LLC,Strategic,APAC
CUST-1035,Client Enterprise 035 LLC,Commercial,EMEA
CUST-1036,Client Enterprise 036 LLC,Strategic,APAC
CUST-1037,Client Enterprise 037 LLC,Commercial,EMEA
CUST-1038,Client Enterprise 038 LLC,Strategic,APAC
CUST-1039,Client Enterprise 039 LLC,Strategic,EMEA
CUST-1040,Client Enterprise 040 LLC,Strategic,EMEA
CUST-1041,Client Enterprise 041 LLC,Enterprise,North America
CUST-1042,Client Enterprise 042 LLC,Commercial,North America
CUST-1043,Client Enterprise 043 LLC,Strategic,North America
CUST-1044,Client Enterprise 044 LLC,Commercial,APAC
CUST-1045,Client Enterprise 045 LLC,Commercial,North America
CUST-1046,Client Enterprise 046 LLC,Enterprise,North America
CUST-1047,Client Enterprise 047 LLC,Commercial,EMEA
CUST-1048,Client Enterprise 048 LLC,Strategic,APAC
CUST-1049,Client Enterprise 049 LLC,Commercial,APAC
CUST-1050,Client Enterprise 050 LLC,Commercial,EMEA
CUST-1051,Client Enterprise 051 LLC,Enterprise,North America
CUST-1052,Client Enterprise 052 LLC,Strategic,North America
CUST-1053,Client Enterprise 053 LLC,Strategic,North America
CUST-1054,Client Enterprise 054 LLC,Strategic,North America
CUST-1055,Client Enterprise 055 LLC,Commercial,APAC
CUST-1056,Client Enterprise 056 LLC,Enterprise,EMEA
CUST-1057,Client Enterprise 057 LLC,Enterprise,North America
CUST-1058,Client Enterprise 058 LLC,Commercial,EMEA
CUST-1059,Client Enterprise 059 LLC,Commercial,North America
CUST-1060,Client Enterprise 060 LLC,Commercial,EMEA
CUST-1061,Client Enterprise 061 LLC,Enterprise,North America
CUST-1062,Client Enterprise 062 LLC,Commercial,EMEA
CUST-1063,Client Enterprise 063 LLC,Strategic,EMEA
CUST-1064,Client Enterprise 064 LLC,Strategic,EMEA
CUST-1065,Client Enterprise 065 LLC,Enterprise,North America
CUST-1066,Client Enterprise 066 LLC,Strategic,EMEA
CUST-1067,Client Enterprise 067 LLC,Enterprise,North America
CUST-1068,Client Enterprise 068 LLC,Strategic,EMEA
CUST-1069,Client Enterprise 069 LLC,Enterprise,APAC
CUST-1070,Client Enterprise 070 LLC,Commercial,APAC
CUST-1071,Client Enterprise 071 LLC,Enterprise,North America
CUST-1072,Client Enterprise 072 LLC,Enterprise,APAC
CUST-1073,Client Enterprise 073 LLC,Strategic,North America
CUST-1074,Client Enterprise 074 LLC,Enterprise,North America
CUST-1075,Client Enterprise 075 LLC,Commercial,EMEA
CUST-1076,Client Enterprise 076 LLC,Commercial,APAC
CUST-1077,Client Enterprise 077 LLC,Commercial,North America
CUST-1078,Client Enterprise 078 LLC,Commercial,EMEA
CUST-1079,Client Enterprise 079 LLC,Strategic,EMEA
CUST-1080,Client Enterprise 080 LLC,Strategic,APAC
CUST-1081,Client Enterprise 081 LLC,Strategic,EMEA
CUST-1082,Client Enterprise 082 LLC,Commercial,APAC
CUST-1083,Client Enterprise 083 LLC,Enterprise,APAC
CUST-1084,Client Enterprise 084 LLC,Commercial,North America
CUST-1085,Client Enterprise 085 LLC,Enterprise,APAC
CUST-1086,Client Enterprise 086 LLC,Enterprise,EMEA
CUST-1087,Client Enterprise 087 LLC,Commercial,North America
CUST-1088,Client Enterprise 088 LLC,Enterprise,North America
CUST-1089,Client Enterprise 089 LLC,Enterprise,APAC
CUST-1090,Client Enterprise 090 LLC,Enterprise,North America
CUST-1091,Client Enterprise 091 LLC,Enterprise,EMEA
CUST-1092,Client Enterprise 092 LLC,Strategic,APAC
CUST-1093,Client Enterprise 093 LLC,Commercial,EMEA
CUST-1094,Client Enterprise 094 LLC,Strategic,North America
CUST-1095,Client Enterprise 095 LLC,Enterprise,EMEA
CUST-1096,Client Enterprise 096 LLC,Commercial,EMEA
CUST-1097,Client Enterprise 097 LLC,Commercial,EMEA
CUST-1098,Client Enterprise 098 LLC,Enterprise,APAC
CUST-1099,Client Enterprise 099 LLC,Enterprise,EMEA
CUST-1100,Client Enterprise 100 LLC,Commercial,APAC
CUST-1101,Client Enterprise 101 LLC,Commercial,North America
CUST-1102,Client Enterprise 102 LLC,Strategic,North America
CUST-1103,Client Enterprise 103 LLC,Commercial,North America
CUST-1104,Client Enterprise 104 LLC,Commercial,North America
CUST-1105,Client Enterprise 105 LLC,Strategic,North America
CUST-1106,Client Enterprise 106 LLC,Enterprise,North America
CUST-1107,Client Enterprise 107 LLC,Enterprise,EMEA
CUST-1108,Client Enterprise 108 LLC,Commercial,APAC
CUST-1109,Client Enterprise 109 LLC,Commercial,EMEA
CUST-1110,Client Enterprise 110 LLC,Strategic,North America
CUST-1111,Client Enterprise 111 LLC,Strategic,APAC
CUST-1112,Client Enterprise 112 LLC,Strategic,APAC
CUST-1113,Client Enterprise 113 LLC,Strategic,EMEA
CUST-1114,Client Enterprise 114 LLC,Commercial,APAC
CUST-1115,Client Enterprise 115 LLC,Strategic,EMEA
CUST-1116,Client Enterprise 116 LLC,Enterprise,APAC
CUST-1117,Client Enterprise 117 LLC,Enterprise,EMEA
CUST-1118,Client Enterprise 118 LLC,Commercial,EMEA
CUST-1119,Client Enterprise 119 LLC,Commercial,EMEA
CUST-1120,Client Enterprise 120 LLC,Enterprise,North America
CUST-1121,Client Enterprise 121 LLC,Enterprise,APAC
CUST-1122,Client Enterprise 122 LLC,Commercial,APAC
CUST-1123,Client Enterprise 123 LLC,Enterprise,APAC
CUST-1124,Client Enterprise 124 LLC,Strategic,APAC
CUST-1125,Client Enterprise 125 LLC,Enterprise,North America
CUST-1126,Client Enterprise 126 LLC,Strategic,APAC
CUST-1127,Client Enterprise 127 LLC,Commercial,EMEA
CUST-1128,Client Enterprise 128 LLC,Strategic,North America
CUST-1129,Client Enterprise 129 LLC,Commercial,EMEA
CUST-1130,Client Enterprise 130 LLC,Commercial,EMEA
CUST-1131,Client Enterprise 131 LLC,Enterprise,EMEA
CUST-1132,Client Enterprise 132 LLC,Strategic,EMEA
CUST-1133,Client Enterprise 133 LLC,Strategic,EMEA
CUST-1134,Client Enterprise 134 LLC,Commercial,North America
CUST-1135,Client Enterprise 135 LLC,Enterprise,EMEA
CUST-1136,Client Enterprise 136 LLC,Strategic,APAC
CUST-1137,Client Enterprise 137 LLC,Strategic,EMEA
CUST-1138,Client Enterprise 138 LLC,Commercial,EMEA
CUST-1139,Client Enterprise 139 LLC,Commercial,North America
CUST-1140,Client Enterprise 140 LLC,Strategic,North America
CUST-1141,Client Enterprise 141 LLC,Strategic,EMEA
CUST-1142,Client Enterprise 142 LLC,Strategic,North America
CUST-1143,Client Enterprise 143 LLC,Strategic,APAC
CUST-1144,Client Enterprise 144 LLC,Enterprise,APAC
CUST-1145,Client Enterprise 145 LLC,Commercial,EMEA
CUST-1146,Client Enterprise 146 LLC,Strategic,North America
CUST-1147,Client Enterprise 147 LLC,Enterprise,APAC
CUST-1148,Client Enterprise 148 LLC,Strategic,APAC
CUST-1149,Client Enterprise 149 LLC,Strategic,APAC
CUST-1150,Client Enterprise 150 LLC,Strategic,North America
CUST-1151,Client Enterprise 151 LLC,Enterprise,EMEA
CUST-1152,Client Enterprise 152 LLC,Commercial,North America
CUST-1153,Client Enterprise 153 LLC,Strategic,EMEA
CUST-1154,Client Enterprise 154 LLC,Commercial,EMEA
CUST-1155,Client Enterprise 155 LLC,Enterprise,North America
CUST-1156,Client Enterprise 156 LLC,Commercial,APAC
CUST-1157,Client Enterprise 157 LLC,Enterprise,APAC
CUST-1158,Client Enterprise 158 LLC,Enterprise,EMEA
CUST-1159,Client Enterprise 159 LLC,Commercial,North America
CUST-1160,Client Enterprise 160 LLC,Commercial,EMEA
CUST-1161,Client Enterprise 161 LLC,Enterprise,North America
CUST-1162,Client Enterprise 162 LLC,Enterprise,EMEA
CUST-1163,Client Enterprise 163 LLC,Enterprise,APAC
CUST-1164,Client Enterprise 164 LLC,Enterprise,EMEA
CUST-1165,Client Enterprise 165 LLC,Commercial,EMEA
CUST-1166,Client Enterprise 166 LLC,Commercial,APAC
CUST-1167,Client Enterprise 167 LLC,Strategic,EMEA
CUST-1168,Client Enterprise 168 LLC,Strategic,EMEA
CUST-1169,Client Enterprise 169 LLC,Enterprise,EMEA
CUST-1170,Client Enterprise 170 LLC,Commercial,North America
CUST-1171,Client Enterprise 171 LLC,Strategic,North America
CUST-1172,Client Enterprise 172 LLC,Commercial,APAC
CUST-1173,Client Enterprise 173 LLC,Commercial,North America
CUST-1174,Client Enterprise 174 LLC,Enterprise,EMEA
CUST-1175,Client Enterprise 175 LLC,Strategic,EMEA
CUST-1176,Client Enterprise 176 LLC,Commercial,EMEA
CUST-1177,Client Enterprise 177 LLC,Enterprise,EMEA
CUST-1178,Client Enterprise 178 LLC,Commercial,EMEA
CUST-1179,Client Enterprise 179 LLC,Commercial,APAC
CUST-1180,Client Enterprise 180 LLC,Commercial,EMEA
CUST-1181,Client Enterprise 181 LLC,Enterprise,EMEA
CUST-1182,Client Enterprise 182 LLC,Commercial,EMEA
CUST-1183,Client Enterprise 183 LLC,Strategic,EMEA
CUST-1184,Client Enterprise 184 LLC,Commercial,APAC
CUST-1185,Client Enterprise 185 LLC,Strategic,EMEA
CUST-1186,Client Enterprise 186 LLC,Strategic,North America
CUST-1187,Client Enterprise 187 LLC,Commercial,North America
CUST-1188,Client Enterprise 188 LLC,Commercial,EMEA
CUST-1189,Client Enterprise 189 LLC,Enterprise,EMEA
CUST-1190,Client Enterprise 190 LLC,Enterprise,EMEA
CUST-1191,Client Enterprise 191 LLC,Commercial,EMEA
CUST-1192,Client Enterprise 192 LLC,Commercial,EMEA
CUST-1193,Client Enterprise 193 LLC,Strategic,APAC
CUST-1194,Client Enterprise 194 LLC,Commercial,North America
CUST-1195,Client Enterprise 195 LLC,Strategic,North America
CUST-1196,Client Enterprise 196 LLC,Enterprise,APAC
CUST-1197,Client Enterprise 197 LLC,Commercial,EMEA
CUST-1198,Client Enterprise 198 LLC,Enterprise,EMEA
CUST-1199,Client Enterprise 199 LLC,Enterprise,APAC
CUST-1200,Client Enterprise 200 LLC,Strategic,North America
CUST-1201,Client Enterprise 201 LLC,Commercial,North America
CUST-1202,Client Enterprise 202 LLC,Strategic,APAC
CUST-1203,Client Enterprise 203 LLC,Enterprise,North America
CUST-1204,Client Enterprise 204 LLC,Strategic,EMEA
CUST-1205,Client Enterprise 205 LLC,Strategic,APAC
CUST-1206,Client Enterprise 206 LLC,Commercial,EMEA
CUST-1207,Client Enterprise 207 LLC,Commercial,North America
CUST-1208,Client Enterprise 208 LLC,Strategic,APAC
CUST-1209,Client Enterprise 209 LLC,Commercial,EMEA
CUST-1210,Client Enterprise 210 LLC,Strategic,APAC
CUST-1211,Client Enterprise 211 LLC,Commercial,EMEA
CUST-1212,Client Enterprise 212 LLC,Commercial,North America
CUST-1213,Client Enterprise 213 LLC,Commercial,North America
CUST-1214,Client Enterprise 214 LLC,Enterprise,APAC
CUST-1215,Client Enterprise 215 LLC,Commercial,EMEA
CUST-1216,Client Enterprise 216 LLC,Enterprise,APAC
CUST-1217,Client Enterprise 217 LLC,Enterprise,EMEA
CUST-1218,Client Enterprise 218 LLC,Enterprise,APAC
CUST-1219,Client Enterprise 219 LLC,Commercial,North America
CUST-1220,Client Enterprise 220 LLC,Strategic,North America
CUST-1221,Client Enterprise 221 LLC,Commercial,EMEA
CUST-1222,Client Enterprise 222 LLC,Enterprise,North America
CUST-1223,Client Enterprise 223 LLC,Strategic,North America
CUST-1224,Client Enterprise 224 LLC,Strategic,EMEA
CUST-1225,Client Enterprise 225 LLC,Strategic,EMEA
CUST-1226,Client Enterprise 226 LLC,Enterprise,North America
CUST-1227,Client Enterprise 227 LLC,Commercial,EMEA
CUST-1228,Client Enterprise 228 LLC,Commercial,APAC
CUST-1229,Client Enterprise 229 LLC,Enterprise,North America
CUST-1230,Client Enterprise 230 LLC,Enterprise,North America
CUST-1231,Client Enterprise 231 LLC,Commercial,EMEA
CUST-1232,Client Enterprise 232 LLC,Commercial,APAC
CUST-1233,Client Enterprise 233 LLC,Enterprise,EMEA
CUST-1234,Client Enterprise 234 LLC,Commercial,North America
CUST-1235,Client Enterprise 235 LLC,Enterprise,EMEA
CUST-1236,Client Enterprise 236 LLC,Commercial,EMEA
CUST-1237,Client Enterprise 237 LLC,Strategic,EMEA
CUST-1238,Client Enterprise 238 LLC,Commercial,North America
CUST-1239,Client Enterprise 239 LLC,Strategic,EMEA
CUST-1240,Client Enterprise 240 LLC,Commercial,APAC
CUST-1241,Client Enterprise 241 LLC,Enterprise,North America
CUST-1242,Client Enterprise 242 LLC,Strategic,EMEA
CUST-1243,Client Enterprise 243 LLC,Commercial,EMEA
CUST-1244,Client Enterprise 244 LLC,Commercial,EMEA
CUST-1245,Client Enterprise 245 LLC,Commercial,EMEA
CUST-1246,Client Enterprise 246 LLC,Strategic,EMEA
CUST-1247,Client Enterprise 247 LLC,Enterprise,EMEA
CUST-1248,Client Enterprise 248 LLC,Strategic,North America
CUST-1249,Client Enterprise 249 LLC,Enterprise,EMEA
CUST-1250,Client Enterprise 250 LLC,Commercial,EMEA
CUST-1251,Client Enterprise 251 LLC,Commercial,EMEA
CUST-1252,Client Enterprise 252 LLC,Commercial,EMEA
CUST-1253,Client Enterprise 253 LLC,Enterprise,APAC
CUST-1254,Client Enterprise 254 LLC,Strategic,EMEA
CUST-1255,Client Enterprise 255 LLC,Enterprise,APAC
CUST-1256,Client Enterprise 256 LLC,Commercial,APAC
CUST-1257,Client Enterprise 257 LLC,Enterprise,APAC
CUST-1258,Client Enterprise 258 LLC,Commercial,EMEA
CUST-1259,Client Enterprise 259 LLC,Strategic,North America
CUST-1260,Client Enterprise 260 LLC,Commercial,EMEA
CUST-1261,Client Enterprise 261 LLC,Enterprise,APAC
CUST-1262,Client Enterprise 262 LLC,Enterprise,APAC
CUST-1263,Client Enterprise 263 LLC,Strategic,APAC
CUST-1264,Client Enterprise 264 LLC,Commercial,APAC
CUST-1265,Client Enterprise 265 LLC,Commercial,North America
CUST-1266,Client Enterprise 266 LLC,Commercial,North America
CUST-1267,Client Enterprise 267 LLC,Commercial,APAC
CUST-1268,Client Enterprise 268 LLC,Enterprise,EMEA
CUST-1269,Client Enterprise 269 LLC,Strategic,North America
CUST-1270,Client Enterprise 270 LLC,Commercial,EMEA
CUST-1271,Client Enterprise 271 LLC,Commercial,North America
CUST-1272,Client Enterprise 272 LLC,Enterprise,EMEA
CUST-1273,Client Enterprise 273 LLC,Strategic,APAC
CUST-1274,Client Enterprise 274 LLC,Strategic,North America
CUST-1275,Client Enterprise 275 LLC,Enterprise,North America
CUST-1276,Client Enterprise 276 LLC,Commercial,EMEA
CUST-1277,Client Enterprise 277 LLC,Commercial,APAC
CUST-1278,Client Enterprise 278 LLC,Strategic,North America
CUST-1279,Client Enterprise 279 LLC,Strategic,EMEA
CUST-1280,Client Enterprise 280 LLC,Strategic,APAC
CUST-1281,Client Enterprise 281 LLC,Strategic,North America
CUST-1282,Client Enterprise 282 LLC,Strategic,North America
CUST-1283,Client Enterprise 283 LLC,Enterprise,North America
CUST-1284,Client Enterprise 284 LLC,Commercial,APAC
CUST-1285,Client Enterprise 285 LLC,Commercial,EMEA
CUST-1286,Client Enterprise 286 LLC,Commercial,EMEA
CUST-1287,Client Enterprise 287 LLC,Enterprise,EMEA
CUST-1288,Client Enterprise 288 LLC,Enterprise,EMEA
CUST-1289,Client Enterprise 289 LLC,Commercial,North America
CUST-1290,Client Enterprise 290 LLC,Strategic,EMEA
CUST-1291,Client Enterprise 291 LLC,Commercial,APAC
CUST-1292,Client Enterprise 292 LLC,Commercial,EMEA
CUST-1293,Client Enterprise 293 LLC,Commercial,EMEA
CUST-1294,Client Enterprise 294 LLC,Commercial,EMEA
CUST-1295,Client Enterprise 295 LLC,Enterprise,APAC
CUST-1296,Client Enterprise 296 LLC,Enterprise,EMEA
CUST-1297,Client Enterprise 297 LLC,Enterprise,APAC
CUST-1298,Client Enterprise 298 LLC,Commercial,EMEA
CUST-1299,Client Enterprise 299 LLC,Commercial,North America
CUST-1300,Client Enterprise 300 LLC,Commercial,North America
CUST-1301,Client Enterprise 301 LLC,Commercial,EMEA
CUST-1302,Client Enterprise 302 LLC,Commercial,EMEA
CUST-1303,Client Enterprise 303 LLC,Commercial,EMEA
CUST-1304,Client Enterprise 304 LLC,Enterprise,North America
CUST-1305,Client Enterprise 305 LLC,Enterprise,North America
CUST-1306,Client Enterprise 306 LLC,Strategic,EMEA
CUST-1307,Client Enterprise 307 LLC,Enterprise,North America
CUST-1308,Client Enterprise 308 LLC,Enterprise,APAC
CUST-1309,Client Enterprise 309 LLC,Enterprise,EMEA
CUST-1310,Client Enterprise 310 LLC,Strategic,EMEA
CUST-1311,Client Enterprise 311 LLC,Commercial,APAC
CUST-1312,Client Enterprise 312 LLC,Commercial,APAC
CUST-1313,Client Enterprise 313 LLC,Strategic,APAC
CUST-1314,Client Enterprise 314 LLC,Commercial,APAC
CUST-1315,Client Enterprise 315 LLC,Enterprise,EMEA
CUST-1316,Client Enterprise 316 LLC,Commercial,North America
CUST-1317,Client Enterprise 317 LLC,Strategic,APAC
CUST-1318,Client Enterprise 318 LLC,Strategic,EMEA
CUST-1319,Client Enterprise 319 LLC,Enterprise,APAC
CUST-1320,Client Enterprise 320 LLC,Strategic,North America
CUST-1321,Client Enterprise 321 LLC,Strategic,EMEA
CUST-1322,Client Enterprise 322 LLC,Enterprise,EMEA
CUST-1323,Client Enterprise 323 LLC,Enterprise,APAC
CUST-1324,Client Enterprise 324 LLC,Strategic,APAC
CUST-1325,Client Enterprise 325 LLC,Commercial,EMEA
CUST-1326,Client Enterprise 326 LLC,Enterprise,EMEA
CUST-1327,Client Enterprise 327 LLC,Strategic,North America
CUST-1328,Client Enterprise 328 LLC,Enterprise,EMEA
CUST-1329,Client Enterprise 329 LLC,Enterprise,APAC
CUST-1330,Client Enterprise 330 LLC,Enterprise,APAC
CUST-1331,Client Enterprise 331 LLC,Commercial,APAC
CUST-1332,Client Enterprise 332 LLC,Enterprise,North America
CUST-1333,Client Enterprise 333 LLC,Strategic,North America
CUST-1334,Client Enterprise 334 LLC,Enterprise,APAC
CUST-1335,Client Enterprise 335 LLC,Enterprise,North America
CUST-1336,Client Enterprise 336 LLC,Commercial,North America
CUST-1337,Client Enterprise 337 LLC,Commercial,North America
CUST-1338,Client Enterprise 338 LLC,Enterprise,EMEA
CUST-1339,Client Enterprise 339 LLC,Enterprise,APAC
CUST-1340,Client Enterprise 340 LLC,Enterprise,EMEA
CUST-1341,Client Enterprise 341 LLC,Enterprise,North America
CUST-1342,Client Enterprise 342 LLC,Commercial,EMEA
CUST-1343,Client Enterprise 343 LLC,Enterprise,North America
CUST-1344,Client Enterprise 344 LLC,Commercial,North America
CUST-1345,Client Enterprise 345 LLC,Enterprise,North America
CUST-1346,Client Enterprise 346 LLC,Strategic,North America
CUST-1347,Client Enterprise 347 LLC,Commercial,EMEA
CUST-1348,Client Enterprise 348 LLC,Enterprise,North America
CUST-1349,Client Enterprise 349 LLC,Strategic,North America
CUST-1350,Client Enterprise 350 LLC,Enterprise,APAC
CUST-1351,Client Enterprise 351 LLC,Strategic,APAC
CUST-1352,Client Enterprise 352 LLC,Enterprise,APAC
CUST-1353,Client Enterprise 353 LLC,Enterprise,EMEA
CUST-1354,Client Enterprise 354 LLC,Strategic,EMEA
CUST-1355,Client Enterprise 355 LLC,Commercial,APAC
CUST-1356,Client Enterprise 356 LLC,Enterprise,EMEA
CUST-1357,Client Enterprise 357 LLC,Commercial,North America
CUST-1358,Client Enterprise 358 LLC,Commercial,North America
CUST-1359,Client Enterprise 359 LLC,Commercial,APAC
CUST-1360,Client Enterprise 360 LLC,Commercial,EMEA
CUST-1361,Client Enterprise 361 LLC,Strategic,APAC
CUST-1362,Client Enterprise 362 LLC,Enterprise,North America
CUST-1363,Client Enterprise 363 LLC,Strategic,EMEA
CUST-1364,Client Enterprise 364 LLC,Strategic,APAC
CUST-1365,Client Enterprise 365 LLC,Enterprise,EMEA
CUST-1366,Client Enterprise 366 LLC,Commercial,EMEA
CUST-1367,Client Enterprise 367 LLC,Enterprise,North America
CUST-1368,Client Enterprise 368 LLC,Strategic,APAC
CUST-1369,Client Enterprise 369 LLC,Enterprise,North America
CUST-1370,Client Enterprise 370 LLC,Enterprise,EMEA
CUST-1371,Client Enterprise 371 LLC,Commercial,APAC
CUST-1372,Client Enterprise 372 LLC,Commercial,APAC
CUST-1373,Client Enterprise 373 LLC,Commercial,EMEA
CUST-1374,Client Enterprise 374 LLC,Strategic,APAC
CUST-1375,Client Enterprise 375 LLC,Commercial,EMEA
CUST-1376,Client Enterprise 376 LLC,Strategic,APAC
CUST-1377,Client Enterprise 377 LLC,Commercial,EMEA
CUST-1378,Client Enterprise 378 LLC,Enterprise,APAC
CUST-1379,Client Enterprise 379 LLC,Enterprise,APAC
CUST-1380,Client Enterprise 380 LLC,Commercial,APAC
CUST-1381,Client Enterprise 381 LLC,Commercial,North America
CUST-1382,Client Enterprise 382 LLC,Strategic,EMEA
CUST-1383,Client Enterprise 383 LLC,Enterprise,EMEA
CUST-1384,Client Enterprise 384 LLC,Strategic,EMEA
CUST-1385,Client Enterprise 385 LLC,Strategic,EMEA
CUST-1386,Client Enterprise 386 LLC,Commercial,North America
CUST-1387,Client Enterprise 387 LLC,Strategic,EMEA
CUST-1388,Client Enterprise 388 LLC,Strategic,APAC
CUST-1389,Client Enterprise 389 LLC,Strategic,EMEA
CUST-1390,Client Enterprise 390 LLC,Enterprise,APAC
CUST-1391,Client Enterprise 391 LLC,Strategic,North America
CUST-1392,Client Enterprise 392 LLC,Enterprise,North America
CUST-1393,Client Enterprise 393 LLC,Enterprise,EMEA
CUST-1394,Client Enterprise 394 LLC,Enterprise,APAC
CUST-1395,Client Enterprise 395 LLC,Commercial,EMEA
CUST-1396,Client Enterprise 396 LLC,Enterprise,APAC
CUST-1397,Client Enterprise 397 LLC,Enterprise,APAC
CUST-1398,Client Enterprise 398 LLC,Commercial,APAC
CUST-1399,Client Enterprise 399 LLC,Strategic,APAC
CUST-1400,Client Enterprise 400 LLC,Enterprise,EMEA
CUST-1401,Client Enterprise 401 LLC,Strategic,APAC
CUST-1402,Client Enterprise 402 LLC,Strategic,APAC
CUST-1403,Client Enterprise 403 LLC,Enterprise,EMEA
CUST-1404,Client Enterprise 404 LLC,Commercial,EMEA
CUST-1405,Client Enterprise 405 LLC,Strategic,North America
CUST-1406,Client Enterprise 406 LLC,Commercial,APAC
CUST-1407,Client Enterprise 407 LLC,Enterprise,North America
CUST-1408,Client Enterprise 408 LLC,Commercial,EMEA
CUST-1409,Client Enterprise 409 LLC,Enterprise,North America
CUST-1410,Client Enterprise 410 LLC,Strategic,APAC
CUST-1411,Client Enterprise 411 LLC,Strategic,North America
CUST-1412,Client Enterprise 412 LLC,Strategic,APAC
CUST-1413,Client Enterprise 413 LLC,Enterprise,EMEA
CUST-1414,Client Enterprise 414 LLC,Commercial,APAC
CUST-1415,Client Enterprise 415 LLC,Commercial,APAC
CUST-1416,Client Enterprise 416 LLC,Commercial,APAC
CUST-1417,Client Enterprise 417 LLC,Enterprise,APAC
CUST-1418,Client Enterprise 418 LLC,Commercial,APAC
CUST-1419,Client Enterprise 419 LLC,Strategic,North America
CUST-1420,Client Enterprise 420 LLC,Enterprise,EMEA
CUST-1421,Client Enterprise 421 LLC,Commercial,EMEA
CUST-1422,Client Enterprise 422 LLC,Strategic,EMEA
CUST-1423,Client Enterprise 423 LLC,Enterprise,North America
CUST-1424,Client Enterprise 424 LLC,Enterprise,APAC
CUST-1425,Client Enterprise 425 LLC,Commercial,EMEA
CUST-1426,Client Enterprise 426 LLC,Enterprise,North America
CUST-1427,Client Enterprise 427 LLC,Commercial,APAC
CUST-1428,Client Enterprise 428 LLC,Enterprise,North America
CUST-1429,Client Enterprise 429 LLC,Commercial,APAC
CUST-1430,Client Enterprise 430 LLC,Enterprise,EMEA
CUST-1431,Client Enterprise 431 LLC,Strategic,EMEA
CUST-1432,Client Enterprise 432 LLC,Strategic,North America
CUST-1433,Client Enterprise 433 LLC,Strategic,EMEA
CUST-1434,Client Enterprise 434 LLC,Commercial,EMEA
CUST-1435,Client Enterprise 435 LLC,Commercial,APAC
CUST-1436,Client Enterprise 436 LLC,Enterprise,North America
CUST-1437,Client Enterprise 437 LLC,Enterprise,North America
CUST-1438,Client Enterprise 438 LLC,Commercial,North America
CUST-1439,Client Enterprise 439 LLC,Commercial,North America
CUST-1440,Client Enterprise 440 LLC,Strategic,EMEA
CUST-1441,Client Enterprise 441 LLC,Commercial,EMEA
CUST-1442,Client Enterprise 442 LLC,Strategic,APAC
CUST-1443,Client Enterprise 443 LLC,Strategic,EMEA
CUST-1444,Client Enterprise 444 LLC,Strategic,North America
CUST-1445,Client Enterprise 445 LLC,Commercial,North America
CUST-1446,Client Enterprise 446 LLC,Strategic,EMEA
CUST-1447,Client Enterprise 447 LLC,Enterprise,EMEA
CUST-1448,Client Enterprise 448 LLC,Commercial,APAC
CUST-1449,Client Enterprise 449 LLC,Commercial,EMEA
CUST-1450,Client Enterprise 450 LLC,Commercial,APAC
CUST-1451,Client Enterprise 451 LLC,Strategic,North America
CUST-1452,Client Enterprise 452 LLC,Enterprise,EMEA
CUST-1453,Client Enterprise 453 LLC,Commercial,North America
CUST-1454,Client Enterprise 454 LLC,Enterprise,North America
CUST-1455,Client Enterprise 455 LLC,Strategic,North America
CUST-1456,Client Enterprise 456 LLC,Enterprise,EMEA
CUST-1457,Client Enterprise 457 LLC,Strategic,EMEA
CUST-1458,Client Enterprise 458 LLC,Enterprise,North America
CUST-1459,Client Enterprise 459 LLC,Strategic,APAC
CUST-1460,Client Enterprise 460 LLC,Strategic,North America
CUST-1461,Client Enterprise 461 LLC,Enterprise,EMEA
CUST-1462,Client Enterprise 462 LLC,Commercial,APAC
CUST-1463,Client Enterprise 463 LLC,Enterprise,APAC
CUST-1464,Client Enterprise 464 LLC,Commercial,APAC
CUST-1465,Client Enterprise 465 LLC,Strategic,North America
CUST-1466,Client Enterprise 466 LLC,Strategic,APAC
CUST-1467,Client Enterprise 467 LLC,Enterprise,EMEA
CUST-1468,Client Enterprise 468 LLC,Enterprise,EMEA
CUST-1469,Client Enterprise 469 LLC,Enterprise,EMEA
CUST-1470,Client Enterprise 470 LLC,Commercial,EMEA
CUST-1471,Client Enterprise 471 LLC,Commercial,EMEA
CUST-1472,Client Enterprise 472 LLC,Commercial,APAC
CUST-1473,Client Enterprise 473 LLC,Strategic,EMEA
CUST-1474,Client Enterprise 474 LLC,Enterprise,EMEA
CUST-1475,Client Enterprise 475 LLC,Enterprise,EMEA
CUST-1476,Client Enterprise 476 LLC,Enterprise,APAC
CUST-1477,Client Enterprise 477 LLC,Strategic,APAC
CUST-1478,Client Enterprise 478 LLC,Strategic,North America
CUST-1479,Client Enterprise 479 LLC,Strategic,North America
CUST-1480,Client Enterprise 480 LLC,Enterprise,EMEA
CUST-1481,Client Enterprise 481 LLC,Commercial,EMEA
CUST-1482,Client Enterprise 482 LLC,Commercial,North America
CUST-1483,Client Enterprise 483 LLC,Strategic,EMEA
CUST-1484,Client Enterprise 484 LLC,Commercial,EMEA
CUST-1485,Client Enterprise 485 LLC,Enterprise,EMEA
CUST-1486,Client Enterprise 486 LLC,Enterprise,North America
CUST-1487,Client Enterprise 487 LLC,Commercial,APAC
CUST-1488,Client Enterprise 488 LLC,Enterprise,APAC
CUST-1489,Client Enterprise 489 LLC,Commercial,North America
CUST-1490,Client Enterprise 490 LLC,Strategic,EMEA
CUST-1491,Client Enterprise 491 LLC,Commercial,APAC
CUST-1492,Client Enterprise 492 LLC,Enterprise,North America
CUST-1493,Client Enterprise 493 LLC,Enterprise,North America
CUST-1494,Client Enterprise 494 LLC,Strategic,North America
CUST-1495,Client Enterprise 495 LLC,Enterprise,APAC
CUST-1496,Client Enterprise 496 LLC,Enterprise,APAC
CUST-1497,Client Enterprise 497 LLC,Enterprise,North America
CUST-1498,Client Enterprise 498 LLC,Commercial,EMEA
CUST-1499,Client Enterprise 499 LLC,Strategic,APAC
CUST-1500,Client Enterprise 500 LLC,Commercial,EMEA
