part_id,plant_id,current_stock_quantity,usage_quantity_30d,days_of_inventory,snapshot_date
PART-MCU-101,P01,3606,2762,39.2,2026-09-30
PART-MCU-101,P02,3963,2850,41.7,2026-09-30
PART-MCU-101,P03,2208,1936,34.2,2026-09-30
PART-MCU-101,P04,690,982,21.1,2026-09-30
PART-MCU-101,P05,3742,2864,39.2,2026-09-30
PART-MCU-101,P06,686,579,35.5,2026-09-30
PART-MCU-101,P07,1478,1408,31.5,2026-09-30
PART-MCU-101,P08,1651,2263,21.9,2026-09-30
PART-MCU-101,P09,2844,2526,33.8,2026-09-30
PART-MCU-101,P10,2750,2450,33.7,2026-09-30
PART-MCU-101,P11,1451,1230,35.4,2026-09-30
PART-MCU-101,P12,2225,2181,30.6,2026-09-30
PART-MCU-102,P01,1379,1258,32.9,2026-09-30
PART-MCU-102,P02,2475,2222,33.4,2026-09-30
PART-MCU-102,P03,1608,1126,42.8,2026-09-30
PART-MCU-102,P04,4314,2973,43.5,2026-09-30
PART-MCU-102,P05,2375,1658,43.0,2026-09-30
PART-MCU-102,P06,2466,2602,28.4,2026-09-30
PART-MCU-102,P07,2637,2822,28.0,2026-09-30
PART-MCU-102,P08,1544,1226,37.8,2026-09-30
PART-MCU-102,P09,2302,1717,40.2,2026-09-30
PART-MCU-102,P10,1456,2249,19.4,2026-09-30
PART-MCU-102,P11,1174,1838,19.2,2026-09-30
PART-MCU-102,P12,1848,1977,28.1,2026-09-30
PART-MCU-103,P01,3276,2590,37.9,2026-09-30
PART-MCU-103,P02,2283,1646,41.6,2026-09-30
PART-MCU-103,P03,3965,2761,43.1,2026-09-30
PART-MCU-103,P04,1333,898,44.6,2026-09-30
PART-MCU-103,P05,2483,2905,25.6,2026-09-30
PART-MCU-103,P06,3045,2568,35.6,2026-09-30
PART-MCU-103,P07,2665,1806,44.3,2026-09-30
PART-MCU-103,P08,1565,2575,18.2,2026-09-30
PART-MCU-103,P09,544,657,24.9,2026-09-30
PART-MCU-103,P10,471,320,44.2,2026-09-30
PART-MCU-103,P11,1800,1358,39.8,2026-09-30
PART-MCU-103,P12,3843,2641,43.7,2026-09-30
PART-MCU-104,P01,3282,2466,39.9,2026-09-30
PART-MCU-104,P02,2844,2868,29.7,2026-09-30
PART-MCU-104,P03,3394,2474,41.2,2026-09-30
PART-MCU-104,P04,547,782,21.0,2026-09-30
PART-MCU-104,P05,995,1449,20.6,2026-09-30
PART-MCU-104,P06,2028,1767,34.4,2026-09-30
PART-MCU-104,P07,737,877,25.2,2026-09-30
PART-MCU-104,P08,2268,1975,34.5,2026-09-30
PART-MCU-104,P09,1336,2184,18.4,2026-09-30
PART-MCU-104,P10,657,1033,19.1,2026-09-30
PART-MCU-104,P11,902,730,37.1,2026-09-30
PART-MCU-104,P12,2267,2297,29.6,2026-09-30
PART-MCU-105,P01,1332,1244,32.1,2026-09-30
PART-MCU-105,P02,1274,1016,37.6,2026-09-30
PART-MCU-105,P03,1014,1231,24.7,2026-09-30
PART-MCU-105,P04,1046,1739,18.1,2026-09-30
PART-MCU-105,P05,968,1575,18.4,2026-09-30
PART-MCU-105,P06,2404,2360,30.6,2026-09-30
PART-MCU-105,P07,3560,2613,40.9,2026-09-30
PART-MCU-105,P08,1023,1198,25.6,2026-09-30
PART-MCU-105,P09,2075,2657,23.4,2026-09-30
PART-MCU-105,P10,418,651,19.3,2026-09-30
PART-MCU-105,P11,2021,2030,29.9,2026-09-30
PART-MCU-105,P12,2343,2174,32.3,2026-09-30
PART-MCU-106,P01,2698,2424,33.4,2026-09-30
PART-MCU-106,P02,942,1278,22.1,2026-09-30
PART-MCU-106,P03,1483,1959,22.7,2026-09-30
PART-MCU-106,P04,3139,2376,39.6,2026-09-30
PART-MCU-106,P05,518,430,36.2,2026-09-30
PART-MCU-106,P06,1162,889,39.2,2026-09-30
PART-MCU-106,P07,2533,1980,38.4,2026-09-30
PART-MCU-106,P08,2304,1698,40.7,2026-09-30
PART-MCU-106,P09,423,564,22.5,2026-09-30
PART-MCU-106,P10,3361,2711,37.2,2026-09-30
PART-MCU-106,P11,3291,2339,42.2,2026-09-30
PART-MCU-106,P12,1110,1289,25.8,2026-09-30
PART-MCU-107,P01,3603,2550,42.4,2026-09-30
PART-MCU-107,P02,293,439,20.1,2026-09-30
PART-MCU-107,P03,2881,2360,36.6,2026-09-30
PART-MCU-107,P04,405,669,18.2,2026-09-30
PART-MCU-107,P05,1948,1963,29.8,2026-09-30
PART-MCU-107,P06,3907,2653,44.2,2026-09-30
PART-MCU-107,P07,1584,1488,32.0,2026-09-30
PART-MCU-107,P08,1439,1274,33.9,2026-09-30
PART-MCU-107,P09,2347,2292,30.7,2026-09-30
PART-MCU-107,P10,1521,1091,41.8,2026-09-30
PART-MCU-107,P11,849,969,26.3,2026-09-30
PART-MCU-107,P12,536,496,32.5,2026-09-30
PART-MCU-108,P01,1071,720,44.6,2026-09-30
PART-MCU-108,P02,1930,1377,42.1,2026-09-30
PART-MCU-108,P03,2580,2727,28.4,2026-09-30
PART-MCU-108,P04,734,654,33.7,2026-09-30
PART-MCU-108,P05,3239,2675,36.3,2026-09-30
PART-MCU-108,P06,2231,1879,35.6,2026-09-30
PART-MCU-108,P07,428,600,21.4,2026-09-30
PART-MCU-108,P08,1707,1461,35.1,2026-09-30
PART-MCU-108,P09,237,359,19.9,2026-09-30
PART-MCU-108,P10,1157,931,37.3,2026-09-30
PART-MCU-108,P11,2439,1782,41.1,2026-09-30
PART-MCU-108,P12,1346,1792,22.5,2026-09-30
PART-MCU-109,P01,1248,895,41.9,2026-09-30
PART-MCU-109,P02,746,561,39.9,2026-09-30
PART-MCU-109,P03,794,943,25.3,2026-09-30
PART-MCU-109,P04,1393,1682,24.9,2026-09-30
PART-MCU-109,P05,1279,1202,31.9,2026-09-30
PART-MCU-109,P06,3975,2797,42.6,2026-09-30
PART-MCU-109,P07,2431,2137,34.1,2026-09-30
PART-MCU-109,P08,3300,2716,36.5,2026-09-30
PART-MCU-109,P09,1998,2989,20.1,2026-09-30
PART-MCU-109,P10,2529,2608,29.1,2026-09-30
PART-MCU-109,P11,2928,2238,39.3,2026-09-30
PART-MCU-109,P12,610,926,19.8,2026-09-30
PART-MCU-110,P01,755,920,24.6,2026-09-30
PART-MCU-110,P02,2363,1587,44.7,2026-09-30
PART-MCU-110,P03,1426,1934,22.1,2026-09-30
PART-MCU-110,P04,2940,2772,31.8,2026-09-30
PART-MCU-110,P05,2781,2080,40.1,2026-09-30
PART-MCU-110,P06,2957,2250,39.4,2026-09-30
PART-MCU-110,P07,657,492,40.1,2026-09-30
PART-MCU-110,P08,3113,2587,36.1,2026-09-30
PART-MCU-110,P09,1575,2192,21.6,2026-09-30
PART-MCU-110,P10,339,387,26.3,2026-09-30
PART-MCU-110,P11,1546,1892,24.5,2026-09-30
PART-MCU-110,P12,2778,2864,29.1,2026-09-30
PART-MCU-111,P01,1738,2396,21.8,2026-09-30
PART-MCU-111,P02,1340,976,41.2,2026-09-30
PART-MCU-111,P03,776,1073,21.7,2026-09-30
PART-MCU-111,P04,1037,1470,21.2,2026-09-30
PART-MCU-111,P05,880,1096,24.1,2026-09-30
PART-MCU-111,P06,660,853,23.2,2026-09-30
PART-MCU-111,P07,2423,2312,31.5,2026-09-30
PART-MCU-111,P08,919,1281,21.5,2026-09-30
PART-MCU-111,P09,4138,2809,44.2,2026-09-30
PART-MCU-111,P10,2338,1598,43.9,2026-09-30
PART-MCU-111,P11,2570,2511,30.7,2026-09-30
PART-MCU-111,P12,2662,2599,30.7,2026-09-30
PART-MCU-112,P01,717,815,26.4,2026-09-30
PART-MCU-112,P02,1000,1291,23.3,2026-09-30
PART-MCU-112,P03,3187,2451,39.0,2026-09-30
PART-MCU-112,P04,3761,2888,39.1,2026-09-30
PART-MCU-112,P05,1741,2733,19.1,2026-09-30
PART-MCU-112,P06,2510,2604,28.9,2026-09-30
PART-MCU-112,P07,1269,1681,22.7,2026-09-30
PART-MCU-112,P08,1866,2684,20.9,2026-09-30
PART-MCU-112,P09,2682,2576,31.2,2026-09-30
PART-MCU-112,P10,492,348,42.5,2026-09-30
PART-MCU-112,P11,334,415,24.2,2026-09-30
PART-MCU-112,P12,718,622,34.6,2026-09-30
PART-MCU-113,P01,2285,2893,23.7,2026-09-30
PART-MCU-113,P02,2526,1797,42.2,2026-09-30
PART-MCU-113,P03,656,449,43.8,2026-09-30
PART-MCU-113,P04,2254,1663,40.7,2026-09-30
PART-MCU-113,P05,2285,2173,31.6,2026-09-30
PART-MCU-113,P06,319,324,29.6,2026-09-30
PART-MCU-113,P07,690,1061,19.5,2026-09-30
PART-MCU-113,P08,327,480,20.5,2026-09-30
PART-MCU-113,P09,1277,937,40.9,2026-09-30
PART-MCU-113,P10,1545,1669,27.8,2026-09-30
PART-MCU-113,P11,1181,1275,27.8,2026-09-30
PART-MCU-113,P12,1503,1454,31.0,2026-09-30
PART-MCU-114,P01,2492,1710,43.7,2026-09-30
PART-MCU-114,P02,1947,1900,30.7,2026-09-30
PART-MCU-114,P03,930,1410,19.8,2026-09-30
PART-MCU-114,P04,1523,1923,23.8,2026-09-30
PART-MCU-114,P05,547,488,33.6,2026-09-30
PART-MCU-114,P06,1145,1827,18.8,2026-09-30
PART-MCU-114,P07,810,929,26.2,2026-09-30
PART-MCU-114,P08,710,808,26.4,2026-09-30
PART-MCU-114,P09,1197,1021,35.2,2026-09-30
PART-MCU-114,P10,1486,1127,39.6,2026-09-30
PART-MCU-114,P11,2212,1585,41.9,2026-09-30
PART-MCU-114,P12,2658,2030,39.3,2026-09-30
PART-MCU-115,P01,2939,2614,33.7,2026-09-30
PART-MCU-115,P02,1512,1342,33.8,2026-09-30
PART-MCU-115,P03,1735,2886,18.0,2026-09-30
PART-MCU-115,P04,2270,2060,33.1,2026-09-30
PART-MCU-115,P05,2794,2078,40.3,2026-09-30
PART-MCU-115,P06,838,726,34.6,2026-09-30
PART-MCU-115,P07,2459,2412,30.6,2026-09-30
PART-MCU-115,P08,3029,2347,38.7,2026-09-30
PART-MCU-115,P09,999,1170,25.6,2026-09-30
PART-MCU-115,P10,2711,1963,41.4,2026-09-30
PART-MCU-115,P11,2313,2802,24.8,2026-09-30
PART-MCU-115,P12,838,1105,22.8,2026-09-30
PART-MCU-116,P01,572,784,21.9,2026-09-30
PART-MCU-116,P02,1450,1768,24.6,2026-09-30
PART-MCU-116,P03,616,508,36.4,2026-09-30
PART-MCU-116,P04,2341,1967,35.7,2026-09-30
PART-MCU-116,P05,1363,1062,38.5,2026-09-30
PART-MCU-116,P06,3783,2569,44.2,2026-09-30
PART-MCU-116,P07,1169,782,44.9,2026-09-30
PART-MCU-116,P08,920,761,36.3,2026-09-30
PART-MCU-116,P09,1680,1768,28.5,2026-09-30
PART-MCU-116,P10,1843,1452,38.1,2026-09-30
PART-MCU-116,P11,2453,1798,40.9,2026-09-30
PART-MCU-116,P12,1866,1985,28.2,2026-09-30
PART-MCU-117,P01,1588,1332,35.8,2026-09-30
PART-MCU-117,P02,822,740,33.3,2026-09-30
PART-MCU-117,P03,1654,2158,23.0,2026-09-30
PART-MCU-117,P04,3697,2887,38.4,2026-09-30
PART-MCU-117,P05,2020,1406,43.1,2026-09-30
PART-MCU-117,P06,3098,2560,36.3,2026-09-30
PART-MCU-117,P07,1378,2175,19.0,2026-09-30
PART-MCU-117,P08,2559,2635,29.1,2026-09-30
PART-MCU-117,P09,2174,2874,22.7,2026-09-30
PART-MCU-117,P10,342,347,29.6,2026-09-30
PART-MCU-117,P11,743,736,30.3,2026-09-30
PART-MCU-117,P12,2356,1798,39.3,2026-09-30
PART-0018,P01,292,350,25.1,2026-09-30
PART-0018,P02,3087,2253,41.1,2026-09-30
PART-0018,P03,1645,1157,42.7,2026-09-30
PART-0018,P04,2784,2053,40.7,2026-09-30
PART-0018,P05,657,612,32.2,2026-09-30
PART-0018,P06,773,1016,22.9,2026-09-30
PART-0018,P07,2480,1709,43.5,2026-09-30
PART-0018,P08,1580,2012,23.6,2026-09-30
PART-0018,P09,1940,2579,22.6,2026-09-30
PART-0018,P10,2264,1845,36.8,2026-09-30
PART-0018,P11,2398,1982,36.3,2026-09-30
PART-0018,P12,871,964,27.1,2026-09-30
PART-0019,P01,771,672,34.5,2026-09-30
PART-0019,P02,522,773,20.3,2026-09-30
PART-0019,P03,1891,2608,21.8,2026-09-30
PART-0019,P04,374,572,19.6,2026-09-30
PART-0019,P05,463,430,32.3,2026-09-30
PART-0019,P06,274,339,24.3,2026-09-30
PART-0019,P07,1106,1609,20.6,2026-09-30
PART-0019,P08,1494,1528,29.3,2026-09-30
PART-0019,P09,948,787,36.1,2026-09-30
PART-0019,P10,3306,2503,39.6,2026-09-30
PART-0019,P11,512,472,32.6,2026-09-30
PART-0019,P12,1524,1652,27.7,2026-09-30
PART-0020,P01,759,1113,20.5,2026-09-30
PART-0020,P02,3371,2357,42.9,2026-09-30
PART-0020,P03,3328,2878,34.7,2026-09-30
PART-0020,P04,2008,2285,26.4,2026-09-30
PART-0020,P05,1389,1700,24.5,2026-09-30
PART-0020,P06,1858,1426,39.1,2026-09-30
PART-0020,P07,2933,2667,33.0,2026-09-30
PART-0020,P08,283,325,26.2,2026-09-30
PART-0020,P09,2795,2144,39.1,2026-09-30
PART-0020,P10,1028,1608,19.2,2026-09-30
PART-0020,P11,1511,1896,23.9,2026-09-30
PART-0020,P12,2223,2737,24.4,2026-09-30
PART-0021,P01,1082,1681,19.3,2026-09-30
PART-0021,P02,2134,2667,24.0,2026-09-30
PART-0021,P03,1336,1450,27.6,2026-09-30
PART-0021,P04,1779,2012,26.5,2026-09-30
PART-0021,P05,1132,878,38.7,2026-09-30
PART-0021,P06,1801,2459,22.0,2026-09-30
PART-0021,P07,1095,1373,23.9,2026-09-30
PART-0021,P08,2787,1875,44.6,2026-09-30
PART-0021,P09,1795,2014,26.7,2026-09-30
PART-0021,P10,1393,994,42.1,2026-09-30
PART-0021,P11,3442,2546,40.6,2026-09-30
PART-0021,P12,1613,1880,25.7,2026-09-30
PART-0022,P01,1442,2319,18.7,2026-09-30
PART-0022,P02,1311,1125,35.0,2026-09-30
PART-0022,P03,1732,1962,26.5,2026-09-30
PART-0022,P04,791,780,30.4,2026-09-30
PART-0022,P05,470,394,35.8,2026-09-30
PART-0022,P06,1707,2100,24.4,2026-09-30
PART-0022,P07,3176,2792,34.1,2026-09-30
PART-0022,P08,2988,2160,41.5,2026-09-30
PART-0022,P09,2147,2668,24.2,2026-09-30
PART-0022,P10,1067,1770,18.1,2026-09-30
PART-0022,P11,2233,1610,41.6,2026-09-30
PART-0022,P12,1385,2209,18.8,2026-09-30
PART-0023,P01,474,495,28.8,2026-09-30
PART-0023,P02,984,1101,26.8,2026-09-30
PART-0023,P03,1771,1229,43.3,2026-09-30
PART-0023,P04,676,1040,19.5,2026-09-30
PART-0023,P05,1998,2536,23.6,2026-09-30
PART-0023,P06,2341,1892,37.1,2026-09-30
PART-0023,P07,2460,1964,37.6,2026-09-30
PART-0023,P08,1821,2493,21.9,2026-09-30
PART-0023,P09,1113,1729,19.3,2026-09-30
PART-0023,P10,2433,2627,27.8,2026-09-30
PART-0023,P11,1838,1989,27.7,2026-09-30
PART-0023,P12,2364,2515,28.2,2026-09-30
PART-0024,P01,2792,2209,37.9,2026-09-30
PART-0024,P02,1843,2349,23.5,2026-09-30
PART-0024,P03,3348,2538,39.6,2026-09-30
PART-0024,P04,2213,2386,27.8,2026-09-30
PART-0024,P05,1973,2383,24.8,2026-09-30
PART-0024,P06,2542,1730,44.1,2026-09-30
PART-0024,P07,2067,2486,24.9,2026-09-30
PART-0024,P08,954,1116,25.7,2026-09-30
PART-0024,P09,2009,2575,23.4,2026-09-30
PART-0024,P10,3414,2723,37.6,2026-09-30
PART-0024,P11,914,871,31.5,2026-09-30
PART-0024,P12,687,515,40.1,2026-09-30
PART-0025,P01,2470,2326,31.9,2026-09-30
PART-0025,P02,1690,1931,26.3,2026-09-30
PART-0025,P03,1495,2339,19.2,2026-09-30
PART-0025,P04,1551,1161,40.1,2026-09-30
PART-0025,P05,870,1143,22.9,2026-09-30
PART-0025,P06,2261,2359,28.8,2026-09-30
PART-0025,P07,724,775,28.0,2026-09-30
PART-0025,P08,2111,1520,41.7,2026-09-30
PART-0025,P09,1392,947,44.1,2026-09-30
PART-0025,P10,634,998,19.1,2026-09-30
PART-0025,P11,1919,1282,44.9,2026-09-30
PART-0025,P12,540,714,22.7,2026-09-30
PART-0026,P01,886,1468,18.1,2026-09-30
PART-0026,P02,2713,1826,44.6,2026-09-30
PART-0026,P03,1013,1435,21.2,2026-09-30
PART-0026,P04,1494,1521,29.5,2026-09-30
PART-0026,P05,961,963,30.0,2026-09-30
PART-0026,P06,895,1373,19.6,2026-09-30
PART-0026,P07,871,1404,18.6,2026-09-30
PART-0026,P08,640,868,22.1,2026-09-30
PART-0026,P09,2268,1707,39.9,2026-09-30
PART-0026,P10,1422,1827,23.4,2026-09-30
PART-0026,P11,2247,1691,39.9,2026-09-30
PART-0026,P12,1607,1707,28.2,2026-09-30
PART-0027,P01,1606,1079,44.7,2026-09-30
PART-0027,P02,2204,2666,24.8,2026-09-30
PART-0027,P03,2025,1484,41.0,2026-09-30
PART-0027,P04,387,585,19.9,2026-09-30
PART-0027,P05,378,621,18.3,2026-09-30
PART-0027,P06,2378,1952,36.6,2026-09-30
PART-0027,P07,2724,2414,33.9,2026-09-30
PART-0027,P08,243,339,21.6,2026-09-30
PART-0027,P09,2010,1845,32.7,2026-09-30
PART-0027,P10,2485,2036,36.6,2026-09-30
PART-0027,P11,1513,1557,29.2,2026-09-30
PART-0027,P12,3000,2050,43.9,2026-09-30
PART-0028,P01,776,636,36.6,2026-09-30
PART-0028,P02,2741,2371,34.7,2026-09-30
PART-0028,P03,2891,2945,29.5,2026-09-30
PART-0028,P04,2511,1677,44.9,2026-09-30
PART-0028,P05,1306,1055,37.2,2026-09-30
PART-0028,P06,2665,2736,29.2,2026-09-30
PART-0028,P07,1229,1889,19.5,2026-09-30
PART-0028,P08,1152,1120,30.9,2026-09-30
PART-0028,P09,1391,1125,37.1,2026-09-30
PART-0028,P10,1046,1621,19.4,2026-09-30
PART-0028,P11,342,543,18.9,2026-09-30
PART-0028,P12,1240,1013,36.7,2026-09-30
PART-0029,P01,823,1284,19.2,2026-09-30
PART-0029,P02,1957,1327,44.3,2026-09-30
PART-0029,P03,3708,2555,43.5,2026-09-30
PART-0029,P04,954,882,32.5,2026-09-30
PART-0029,P05,1732,1233,42.1,2026-09-30
PART-0029,P06,526,512,30.9,2026-09-30
PART-0029,P07,2868,1930,44.6,2026-09-30
PART-0029,P08,1095,731,45.0,2026-09-30
PART-0029,P09,2442,1775,41.3,2026-09-30
PART-0029,P10,2887,2016,43.0,2026-09-30
PART-0029,P11,520,840,18.6,2026-09-30
PART-0029,P12,321,321,30.0,2026-09-30
PART-0030,P01,1520,1335,34.2,2026-09-30
PART-0030,P02,1729,1186,43.7,2026-09-30
PART-0030,P03,1107,1477,22.5,2026-09-30
PART-0030,P04,1045,911,34.4,2026-09-30
PART-0030,P05,3339,2445,41.0,2026-09-30
PART-0030,P06,1455,1704,25.6,2026-09-30
PART-0030,P07,1435,1310,32.9,2026-09-30
PART-0030,P08,1415,1365,31.1,2026-09-30
PART-0030,P09,2462,2747,26.9,2026-09-30
PART-0030,P10,1426,1477,29.0,2026-09-30
PART-0030,P11,882,965,27.4,2026-09-30
PART-0030,P12,1632,1124,43.6,2026-09-30
PART-0031,P01,2520,1850,40.9,2026-09-30
PART-0031,P02,901,922,29.3,2026-09-30
PART-0031,P03,2788,1877,44.6,2026-09-30
PART-0031,P04,2161,1723,37.6,2026-09-30
PART-0031,P05,1885,2039,27.7,2026-09-30
PART-0031,P06,1705,2784,18.4,2026-09-30
PART-0031,P07,361,370,29.3,2026-09-30
PART-0031,P08,1904,2302,24.8,2026-09-30
PART-0031,P09,2507,2505,30.0,2026-09-30
PART-0031,P10,1557,1085,43.1,2026-09-30
PART-0031,P11,3161,2310,41.1,2026-09-30
PART-0031,P12,2703,2903,27.9,2026-09-30
PART-0032,P01,1853,1720,32.3,2026-09-30
PART-0032,P02,2964,2704,32.9,2026-09-30
PART-0032,P03,1586,1833,26.0,2026-09-30
PART-0032,P04,2612,2592,30.2,2026-09-30
PART-0032,P05,410,612,20.1,2026-09-30
PART-0032,P06,1259,1319,28.7,2026-09-30
PART-0032,P07,2140,1613,39.8,2026-09-30
PART-0032,P08,1545,1704,27.2,2026-09-30
PART-0032,P09,805,736,32.8,2026-09-30
PART-0032,P10,1647,2435,20.3,2026-09-30
PART-0032,P11,1419,1646,25.9,2026-09-30
PART-0032,P12,938,915,30.8,2026-09-30
PART-0033,P01,1394,1466,28.5,2026-09-30
PART-0033,P02,1613,1152,42.0,2026-09-30
PART-0033,P03,2028,2363,25.8,2026-09-30
PART-0033,P04,830,823,30.3,2026-09-30
PART-0033,P05,2702,2338,34.7,2026-09-30
PART-0033,P06,1042,1616,19.4,2026-09-30
PART-0033,P07,1128,1132,29.9,2026-09-30
PART-0033,P08,476,643,22.2,2026-09-30
PART-0033,P09,2178,2945,22.2,2026-09-30
PART-0033,P10,3369,2466,41.0,2026-09-30
PART-0033,P11,1877,2783,20.2,2026-09-30
PART-0033,P12,1199,1691,21.3,2026-09-30
PART-0034,P01,391,493,23.8,2026-09-30
PART-0034,P02,677,579,35.1,2026-09-30
PART-0034,P03,402,450,26.8,2026-09-30
PART-0034,P04,2501,2724,27.5,2026-09-30
PART-0034,P05,837,690,36.4,2026-09-30
PART-0034,P06,2967,2876,31.0,2026-09-30
PART-0034,P07,490,574,25.7,2026-09-30
PART-0034,P08,3623,2752,39.5,2026-09-30
PART-0034,P09,2141,1750,36.7,2026-09-30
PART-0034,P10,636,694,27.5,2026-09-30
PART-0034,P11,885,640,41.5,2026-09-30
PART-0034,P12,3287,2563,38.5,2026-09-30
PART-0035,P01,2815,2816,30.0,2026-09-30
PART-0035,P02,2047,2120,29.0,2026-09-30
PART-0035,P03,2489,2816,26.5,2026-09-30
PART-0035,P04,2352,1817,38.8,2026-09-30
PART-0035,P05,2421,2530,28.7,2026-09-30
PART-0035,P06,909,661,41.3,2026-09-30
PART-0035,P07,1316,1259,31.4,2026-09-30
PART-0035,P08,359,313,34.4,2026-09-30
PART-0035,P09,819,750,32.8,2026-09-30
PART-0035,P10,1151,907,38.1,2026-09-30
PART-0035,P11,2709,2220,36.6,2026-09-30
PART-0035,P12,1950,2894,20.2,2026-09-30
PART-0036,P01,939,1338,21.1,2026-09-30
PART-0036,P02,3237,2759,35.2,2026-09-30
PART-0036,P03,3489,2493,42.0,2026-09-30
PART-0036,P04,1462,1650,26.6,2026-09-30
PART-0036,P05,2839,2898,29.4,2026-09-30
PART-0036,P06,1072,1018,31.6,2026-09-30
PART-0036,P07,1807,1236,43.9,2026-09-30
PART-0036,P08,2428,2051,35.5,2026-09-30
PART-0036,P09,781,835,28.1,2026-09-30
PART-0036,P10,399,404,29.6,2026-09-30
PART-0036,P11,878,681,38.7,2026-09-30
PART-0036,P12,222,342,19.5,2026-09-30
PART-0037,P01,710,856,24.9,2026-09-30
PART-0037,P02,420,683,18.5,2026-09-30
PART-0037,P03,2772,2674,31.1,2026-09-30
PART-0037,P04,525,765,20.6,2026-09-30
PART-0037,P05,1070,1121,28.6,2026-09-30
PART-0037,P06,2827,2203,38.5,2026-09-30
PART-0037,P07,1609,1143,42.2,2026-09-30
PART-0037,P08,3227,2979,32.5,2026-09-30
PART-0037,P09,2768,2066,40.2,2026-09-30
PART-0037,P10,1697,1318,38.6,2026-09-30
PART-0037,P11,1540,2206,20.9,2026-09-30
PART-0037,P12,2071,1443,43.1,2026-09-30
PART-0038,P01,2357,1768,40.0,2026-09-30
PART-0038,P02,795,860,27.8,2026-09-30
PART-0038,P03,2598,2926,26.6,2026-09-30
PART-0038,P04,464,703,19.8,2026-09-30
PART-0038,P05,2724,1937,42.2,2026-09-30
PART-0038,P06,3451,2678,38.7,2026-09-30
PART-0038,P07,3341,2916,34.4,2026-09-30
PART-0038,P08,1300,1926,20.3,2026-09-30
PART-0038,P09,1053,890,35.5,2026-09-30
PART-0038,P10,2009,1951,30.9,2026-09-30
PART-0038,P11,1889,1397,40.6,2026-09-30
PART-0038,P12,2388,1715,41.8,2026-09-30
PART-0039,P01,2968,2637,33.8,2026-09-30
PART-0039,P02,2744,2637,31.2,2026-09-30
PART-0039,P03,1605,1183,40.7,2026-09-30
PART-0039,P04,2164,1586,41.0,2026-09-30
PART-0039,P05,3501,2942,35.7,2026-09-30
PART-0039,P06,3123,2856,32.8,2026-09-30
PART-0039,P07,2754,2288,36.1,2026-09-30
PART-0039,P08,726,893,24.4,2026-09-30
PART-0039,P09,652,967,20.2,2026-09-30
PART-0039,P10,1311,1583,24.9,2026-09-30
PART-0039,P11,1639,1406,35.0,2026-09-30
PART-0039,P12,2281,1861,36.8,2026-09-30
PART-0040,P01,1211,1406,25.9,2026-09-30
PART-0040,P02,3363,2835,35.6,2026-09-30
PART-0040,P03,1146,1909,18.0,2026-09-30
PART-0040,P04,1182,1356,26.2,2026-09-30
PART-0040,P05,2589,1728,44.9,2026-09-30
PART-0040,P06,644,774,25.0,2026-09-30
PART-0040,P07,520,526,29.7,2026-09-30
PART-0040,P08,1157,1084,32.0,2026-09-30
PART-0040,P09,1890,2324,24.4,2026-09-30
PART-0040,P10,2656,2553,31.2,2026-09-30
PART-0040,P11,1694,1815,28.0,2026-09-30
PART-0040,P12,682,751,27.3,2026-09-30
PART-0041,P01,3044,2619,34.9,2026-09-30
PART-0041,P02,3673,2513,43.9,2026-09-30
PART-0041,P03,459,559,24.6,2026-09-30
PART-0041,P04,441,421,31.5,2026-09-30
PART-0041,P05,1948,2661,22.0,2026-09-30
PART-0041,P06,2768,2445,34.0,2026-09-30
PART-0041,P07,1941,1756,33.2,2026-09-30
PART-0041,P08,2468,2950,25.1,2026-09-30
PART-0041,P09,836,975,25.7,2026-09-30
PART-0041,P10,2884,2287,37.8,2026-09-30
PART-0041,P11,1472,1509,29.3,2026-09-30
PART-0041,P12,733,1165,18.9,2026-09-30
PART-0042,P01,1930,1925,30.1,2026-09-30
PART-0042,P02,421,607,20.8,2026-09-30
PART-0042,P03,396,364,32.7,2026-09-30
PART-0042,P04,1772,1962,27.1,2026-09-30
PART-0042,P05,1481,1010,44.0,2026-09-30
PART-0042,P06,1508,1821,24.8,2026-09-30
PART-0042,P07,1463,2199,20.0,2026-09-30
PART-0042,P08,990,1339,22.2,2026-09-30
PART-0042,P09,1117,1516,22.1,2026-09-30
PART-0042,P10,956,754,38.1,2026-09-30
PART-0042,P11,1396,1642,25.5,2026-09-30
PART-0042,P12,1706,1243,41.2,2026-09-30
PART-0043,P01,574,586,29.4,2026-09-30
PART-0043,P02,1530,2368,19.4,2026-09-30
PART-0043,P03,1356,971,41.9,2026-09-30
PART-0043,P04,3406,2463,41.5,2026-09-30
PART-0043,P05,2351,2300,30.7,2026-09-30
PART-0043,P06,712,586,36.5,2026-09-30
PART-0043,P07,360,449,24.1,2026-09-30
PART-0043,P08,870,910,28.7,2026-09-30
PART-0043,P09,1946,1984,29.4,2026-09-30
PART-0043,P10,1951,2291,25.6,2026-09-30
PART-0043,P11,1187,1294,27.5,2026-09-30
PART-0043,P12,621,435,42.8,2026-09-30
PART-0044,P01,1746,1765,29.7,2026-09-30
PART-0044,P02,275,422,19.6,2026-09-30
PART-0044,P03,1751,1862,28.2,2026-09-30
PART-0044,P04,2265,1953,34.8,2026-09-30
PART-0044,P05,633,811,23.4,2026-09-30
PART-0044,P06,1995,1405,42.6,2026-09-30
PART-0044,P07,1128,1324,25.6,2026-09-30
PART-0044,P08,3194,2140,44.8,2026-09-30
PART-0044,P09,2196,2633,25.0,2026-09-30
PART-0044,P10,1260,1266,29.9,2026-09-30
PART-0044,P11,629,578,32.7,2026-09-30
PART-0044,P12,858,637,40.4,2026-09-30
PART-0045,P01,2581,2931,26.4,2026-09-30
PART-0045,P02,1248,2060,18.2,2026-09-30
PART-0045,P03,2718,2150,37.9,2026-09-30
PART-0045,P04,3233,2968,32.7,2026-09-30
PART-0045,P05,3523,2417,43.7,2026-09-30
PART-0045,P06,2638,2483,31.9,2026-09-30
PART-0045,P07,3686,2678,41.3,2026-09-30
PART-0045,P08,3828,2712,42.4,2026-09-30
PART-0045,P09,3265,2642,37.1,2026-09-30
PART-0045,P10,290,326,26.7,2026-09-30
PART-0045,P11,2971,2941,30.3,2026-09-30
PART-0045,P12,3346,2375,42.3,2026-09-30
PART-0046,P01,1499,1556,28.9,2026-09-30
PART-0046,P02,522,667,23.5,2026-09-30
PART-0046,P03,268,395,20.4,2026-09-30
PART-0046,P04,2577,1847,41.9,2026-09-30
PART-0046,P05,1800,1204,44.9,2026-09-30
PART-0046,P06,1984,1859,32.0,2026-09-30
PART-0046,P07,431,690,18.7,2026-09-30
PART-0046,P08,563,516,32.7,2026-09-30
PART-0046,P09,2544,2338,32.7,2026-09-30
PART-0046,P10,2632,2675,29.5,2026-09-30
PART-0046,P11,1380,1051,39.4,2026-09-30
PART-0046,P12,2091,2560,24.5,2026-09-30
PART-0047,P01,1815,1367,39.8,2026-09-30
PART-0047,P02,4115,2878,42.9,2026-09-30
PART-0047,P03,2632,2294,34.4,2026-09-30
PART-0047,P04,2003,1542,39.0,2026-09-30
PART-0047,P05,2223,1722,38.7,2026-09-30
PART-0047,P06,382,546,21.0,2026-09-30
PART-0047,P07,712,1086,19.7,2026-09-30
PART-0047,P08,1760,2717,19.4,2026-09-30
PART-0047,P09,863,1021,25.4,2026-09-30
PART-0047,P10,2209,2594,25.6,2026-09-30
PART-0047,P11,1136,791,43.1,2026-09-30
PART-0047,P12,2051,2692,22.9,2026-09-30
PART-0048,P01,359,378,28.5,2026-09-30
PART-0048,P02,1293,1403,27.7,2026-09-30
PART-0048,P03,787,612,38.6,2026-09-30
PART-0048,P04,2509,1817,41.4,2026-09-30
PART-0048,P05,1703,1796,28.5,2026-09-30
PART-0048,P06,1860,2151,26.0,2026-09-30
PART-0048,P07,2052,2294,26.8,2026-09-30
PART-0048,P08,2831,2363,35.9,2026-09-30
PART-0048,P09,2419,2822,25.7,2026-09-30
PART-0048,P10,280,311,27.0,2026-09-30
PART-0048,P11,503,382,39.6,2026-09-30
PART-0048,P12,3750,2687,41.9,2026-09-30
PART-0049,P01,2227,2846,23.5,2026-09-30
PART-0049,P02,3043,2703,33.8,2026-09-30
PART-0049,P03,3870,2820,41.2,2026-09-30
PART-0049,P04,1652,1180,42.0,2026-09-30
PART-0049,P05,2789,2163,38.7,2026-09-30
PART-0049,P06,3548,2589,41.1,2026-09-30
PART-0049,P07,1143,1355,25.3,2026-09-30
PART-0049,P08,3306,2376,41.7,2026-09-30
PART-0049,P09,594,858,20.8,2026-09-30
PART-0049,P10,684,1121,18.3,2026-09-30
PART-0049,P11,1908,2066,27.7,2026-09-30
PART-0049,P12,2893,2967,29.3,2026-09-30
PART-0050,P01,1372,1360,30.3,2026-09-30
PART-0050,P02,2103,1512,41.7,2026-09-30
PART-0050,P03,1859,2507,22.2,2026-09-30
PART-0050,P04,495,575,25.9,2026-09-30
PART-0050,P05,872,612,42.8,2026-09-30
PART-0050,P06,757,576,39.5,2026-09-30
PART-0050,P07,1501,1084,41.6,2026-09-30
PART-0050,P08,257,316,24.4,2026-09-30
PART-0050,P09,2029,1680,36.2,2026-09-30
PART-0050,P10,633,867,21.9,2026-09-30
PART-0050,P11,2977,2042,43.7,2026-09-30
PART-0050,P12,1047,994,31.6,2026-09-30
PART-0051,P01,3936,2888,40.9,2026-09-30
PART-0051,P02,2124,2118,30.1,2026-09-30
PART-0051,P03,3673,2524,43.7,2026-09-30
PART-0051,P04,1880,1943,29.0,2026-09-30
PART-0051,P05,1087,1284,25.4,2026-09-30
PART-0051,P06,2158,2347,27.6,2026-09-30
PART-0051,P07,1413,990,42.8,2026-09-30
PART-0051,P08,3229,2830,34.2,2026-09-30
PART-0051,P09,3561,2785,38.4,2026-09-30
PART-0051,P10,1634,1161,42.2,2026-09-30
PART-0051,P11,1924,2775,20.8,2026-09-30
PART-0051,P12,2758,2383,34.7,2026-09-30
PART-0052,P01,2842,2071,41.2,2026-09-30
PART-0052,P02,3410,2779,36.8,2026-09-30
PART-0052,P03,3875,2805,41.5,2026-09-30
PART-0052,P04,473,732,19.4,2026-09-30
PART-0052,P05,1236,1119,33.1,2026-09-30
PART-0052,P06,1260,1057,35.8,2026-09-30
PART-0052,P07,1295,1209,32.1,2026-09-30
PART-0052,P08,3284,2492,39.5,2026-09-30
PART-0052,P09,1947,1980,29.5,2026-09-30
PART-0052,P10,1308,1170,33.5,2026-09-30
PART-0052,P11,1685,2450,20.6,2026-09-30
PART-0052,P12,931,1386,20.2,2026-09-30
PART-0053,P01,2759,2261,36.6,2026-09-30
PART-0053,P02,305,365,25.1,2026-09-30
PART-0053,P03,2058,1675,36.9,2026-09-30
PART-0053,P04,2009,2354,25.6,2026-09-30
PART-0053,P05,1038,1368,22.8,2026-09-30
PART-0053,P06,817,776,31.6,2026-09-30
PART-0053,P07,1285,1193,32.3,2026-09-30
PART-0053,P08,4002,2931,41.0,2026-09-30
PART-0053,P09,2054,1728,35.7,2026-09-30
PART-0053,P10,2741,2468,33.3,2026-09-30
PART-0053,P11,586,635,27.7,2026-09-30
PART-0053,P12,3037,2465,37.0,2026-09-30
PART-0054,P01,567,427,39.9,2026-09-30
PART-0054,P02,1561,1885,24.8,2026-09-30
PART-0054,P03,3926,2899,40.6,2026-09-30
PART-0054,P04,756,815,27.8,2026-09-30
PART-0054,P05,363,551,19.8,2026-09-30
PART-0054,P06,3692,2769,40.0,2026-09-30
PART-0054,P07,1215,1960,18.6,2026-09-30
PART-0054,P08,418,324,38.8,2026-09-30
PART-0054,P09,1254,859,43.8,2026-09-30
PART-0054,P10,3359,2888,34.9,2026-09-30
PART-0054,P11,2607,2847,27.5,2026-09-30
PART-0054,P12,1522,1343,34.0,2026-09-30
PART-0055,P01,2198,2867,23.0,2026-09-30
PART-0055,P02,1041,1304,24.0,2026-09-30
PART-0055,P03,3239,2976,32.7,2026-09-30
PART-0055,P04,2554,2771,27.7,2026-09-30
PART-0055,P05,1225,823,44.7,2026-09-30
PART-0055,P06,726,612,35.6,2026-09-30
PART-0055,P07,2080,2933,21.3,2026-09-30
PART-0055,P08,474,391,36.4,2026-09-30
PART-0055,P09,1424,1637,26.1,2026-09-30
PART-0055,P10,2641,2670,29.7,2026-09-30
PART-0055,P11,427,575,22.3,2026-09-30
PART-0055,P12,3154,2565,36.9,2026-09-30
PART-0056,P01,1086,1676,19.4,2026-09-30
PART-0056,P02,1750,1633,32.2,2026-09-30
PART-0056,P03,3135,2232,42.1,2026-09-30
PART-0056,P04,1290,1435,27.0,2026-09-30
PART-0056,P05,977,1052,27.9,2026-09-30
PART-0056,P06,1348,951,42.5,2026-09-30
PART-0056,P07,1249,926,40.5,2026-09-30
PART-0056,P08,552,421,39.3,2026-09-30
PART-0056,P09,2079,2810,22.2,2026-09-30
PART-0056,P10,1765,1905,27.8,2026-09-30
PART-0056,P11,759,1149,19.8,2026-09-30
PART-0056,P12,2283,1732,39.5,2026-09-30
PART-0057,P01,1210,1391,26.1,2026-09-30
PART-0057,P02,927,997,27.9,2026-09-30
PART-0057,P03,350,336,31.3,2026-09-30
PART-0057,P04,3655,2512,43.7,2026-09-30
PART-0057,P05,910,1319,20.7,2026-09-30
PART-0057,P06,445,587,22.8,2026-09-30
PART-0057,P07,2490,2781,26.9,2026-09-30
PART-0057,P08,3203,2370,40.5,2026-09-30
PART-0057,P09,582,530,32.9,2026-09-30
PART-0057,P10,2158,1858,34.8,2026-09-30
PART-0057,P11,1637,2136,23.0,2026-09-30
PART-0057,P12,1396,1889,22.2,2026-09-30
PART-0058,P01,2216,1943,34.2,2026-09-30
PART-0058,P02,575,886,19.5,2026-09-30
PART-0058,P03,1664,1409,35.4,2026-09-30
PART-0058,P04,413,578,21.5,2026-09-30
PART-0058,P05,1009,1340,22.6,2026-09-30
PART-0058,P06,1479,1815,24.5,2026-09-30
PART-0058,P07,1154,1707,20.3,2026-09-30
PART-0058,P08,1481,1579,28.1,2026-09-30
PART-0058,P09,1242,988,37.7,2026-09-30
PART-0058,P10,851,840,30.4,2026-09-30
PART-0058,P11,1372,2284,18.0,2026-09-30
PART-0058,P12,2686,2739,29.4,2026-09-30
PART-0059,P01,2078,1556,40.1,2026-09-30
PART-0059,P02,1551,2278,20.4,2026-09-30
PART-0059,P03,533,547,29.3,2026-09-30
PART-0059,P04,369,387,28.6,2026-09-30
PART-0059,P05,1926,1334,43.3,2026-09-30
PART-0059,P06,1031,1449,21.4,2026-09-30
PART-0059,P07,2352,1843,38.3,2026-09-30
PART-0059,P08,3018,2900,31.2,2026-09-30
PART-0059,P09,389,594,19.6,2026-09-30
PART-0059,P10,462,600,23.1,2026-09-30
PART-0059,P11,1172,1094,32.1,2026-09-30
PART-0059,P12,3858,2808,41.2,2026-09-30
PART-0060,P01,1506,1094,41.3,2026-09-30
PART-0060,P02,1841,1363,40.5,2026-09-30
PART-0060,P03,3547,2499,42.6,2026-09-30
PART-0060,P04,2381,2013,35.5,2026-09-30
PART-0060,P05,1208,1324,27.4,2026-09-30
PART-0060,P06,3312,2464,40.3,2026-09-30
PART-0060,P07,514,772,20.0,2026-09-30
PART-0060,P08,645,774,25.0,2026-09-30
PART-0060,P09,3978,2902,41.1,2026-09-30
PART-0060,P10,1836,1658,33.2,2026-09-30
PART-0060,P11,2261,1859,36.5,2026-09-30
PART-0060,P12,1565,2413,19.5,2026-09-30
PART-0061,P01,3110,2335,40.0,2026-09-30
PART-0061,P02,1060,930,34.2,2026-09-30
PART-0061,P03,2485,2556,29.2,2026-09-30
PART-0061,P04,298,315,28.5,2026-09-30
PART-0061,P05,2854,1950,43.9,2026-09-30
PART-0061,P06,1693,2211,23.0,2026-09-30
PART-0061,P07,1822,1453,37.6,2026-09-30
PART-0061,P08,994,1325,22.5,2026-09-30
PART-0061,P09,506,513,29.6,2026-09-30
PART-0061,P10,754,1088,20.8,2026-09-30
PART-0061,P11,2784,2967,28.2,2026-09-30
PART-0061,P12,2475,2962,25.1,2026-09-30
PART-0062,P01,694,906,23.0,2026-09-30
PART-0062,P02,2115,2540,25.0,2026-09-30
PART-0062,P03,718,750,28.7,2026-09-30
PART-0062,P04,978,683,43.0,2026-09-30
PART-0062,P05,1821,2424,22.5,2026-09-30
PART-0062,P06,643,481,40.2,2026-09-30
PART-0062,P07,614,571,32.3,2026-09-30
PART-0062,P08,522,715,21.9,2026-09-30
PART-0062,P09,3747,2792,40.3,2026-09-30
PART-0062,P10,1335,1179,34.0,2026-09-30
PART-0062,P11,1002,722,41.7,2026-09-30
PART-0062,P12,873,696,37.6,2026-09-30
PART-0063,P01,1298,895,43.5,2026-09-30
PART-0063,P02,2691,2660,30.4,2026-09-30
PART-0063,P03,3634,2778,39.2,2026-09-30
PART-0063,P04,2251,1788,37.8,2026-09-30
PART-0063,P05,1891,1466,38.7,2026-09-30
PART-0063,P06,1579,1157,41.0,2026-09-30
PART-0063,P07,689,550,37.6,2026-09-30
PART-0063,P08,666,1092,18.3,2026-09-30
PART-0063,P09,1688,2596,19.5,2026-09-30
PART-0063,P10,546,378,43.4,2026-09-30
PART-0063,P11,2227,1718,38.9,2026-09-30
PART-0063,P12,822,576,42.9,2026-09-30
PART-0064,P01,3806,2970,38.4,2026-09-30
PART-0064,P02,762,794,28.8,2026-09-30
PART-0064,P03,2456,1682,43.8,2026-09-30
PART-0064,P04,996,1242,24.1,2026-09-30
PART-0064,P05,1077,1423,22.7,2026-09-30
PART-0064,P06,1988,2863,20.8,2026-09-30
PART-0064,P07,2675,2556,31.4,2026-09-30
PART-0064,P08,834,1264,19.8,2026-09-30
PART-0064,P09,3494,2867,36.6,2026-09-30
PART-0064,P10,3959,2779,42.7,2026-09-30
PART-0064,P11,1051,792,39.8,2026-09-30
PART-0064,P12,1130,1792,18.9,2026-09-30
PART-0065,P01,1636,1227,40.0,2026-09-30
PART-0065,P02,1401,1640,25.6,2026-09-30
PART-0065,P03,733,617,35.7,2026-09-30
PART-0065,P04,956,753,38.1,2026-09-30
PART-0065,P05,1705,1149,44.5,2026-09-30
PART-0065,P06,1200,1953,18.4,2026-09-30
PART-0065,P07,877,1106,23.8,2026-09-30
PART-0065,P08,275,451,18.4,2026-09-30
PART-0065,P09,1694,1739,29.2,2026-09-30
PART-0065,P10,1958,2042,28.8,2026-09-30
PART-0065,P11,1045,1020,30.8,2026-09-30
PART-0065,P12,2444,1885,38.9,2026-09-30
PART-0066,P01,2533,2773,27.4,2026-09-30
PART-0066,P02,3446,2627,39.4,2026-09-30
PART-0066,P03,1139,832,41.1,2026-09-30
PART-0066,P04,524,834,18.9,2026-09-30
PART-0066,P05,3204,2495,38.5,2026-09-30
PART-0066,P06,2389,2137,33.5,2026-09-30
PART-0066,P07,1743,1196,43.7,2026-09-30
PART-0066,P08,2478,2869,25.9,2026-09-30
PART-0066,P09,414,407,30.5,2026-09-30
PART-0066,P10,1861,2944,19.0,2026-09-30
PART-0066,P11,2727,2328,35.2,2026-09-30
PART-0066,P12,1837,1314,41.9,2026-09-30
PART-0067,P01,2571,1986,38.9,2026-09-30
PART-0067,P02,2696,2726,29.7,2026-09-30
PART-0067,P03,637,499,38.3,2026-09-30
PART-0067,P04,863,808,32.1,2026-09-30
PART-0067,P05,1145,784,43.8,2026-09-30
PART-0067,P06,1579,1904,24.9,2026-09-30
PART-0067,P07,406,462,26.4,2026-09-30
PART-0067,P08,798,1020,23.5,2026-09-30
PART-0067,P09,2683,2007,40.1,2026-09-30
PART-0067,P10,1949,2964,19.7,2026-09-30
PART-0067,P11,4147,2808,44.3,2026-09-30
PART-0067,P12,2862,2335,36.8,2026-09-30
PART-0068,P01,458,654,21.0,2026-09-30
PART-0068,P02,3304,2751,36.0,2026-09-30
PART-0068,P03,2245,1847,36.5,2026-09-30
PART-0068,P04,1631,1930,25.4,2026-09-30
PART-0068,P05,4100,2827,43.5,2026-09-30
PART-0068,P06,3150,2789,33.9,2026-09-30
PART-0068,P07,912,1100,24.9,2026-09-30
PART-0068,P08,2050,2360,26.1,2026-09-30
PART-0068,P09,812,770,31.6,2026-09-30
PART-0068,P10,1728,1507,34.4,2026-09-30
PART-0068,P11,505,381,39.8,2026-09-30
PART-0068,P12,1551,1337,34.8,2026-09-30
PART-0069,P01,373,501,22.4,2026-09-30
PART-0069,P02,1377,1174,35.2,2026-09-30
PART-0069,P03,584,503,34.9,2026-09-30
PART-0069,P04,1564,1929,24.3,2026-09-30
PART-0069,P05,2023,2513,24.2,2026-09-30
PART-0069,P06,1062,1581,20.2,2026-09-30
PART-0069,P07,1788,1343,39.9,2026-09-30
PART-0069,P08,2814,2683,31.5,2026-09-30
PART-0069,P09,1439,1494,28.9,2026-09-30
PART-0069,P10,1561,1053,44.5,2026-09-30
PART-0069,P11,1862,2445,22.9,2026-09-30
PART-0069,P12,1646,1335,37.0,2026-09-30
PART-0070,P01,2687,2163,37.3,2026-09-30
PART-0070,P02,742,992,22.5,2026-09-30
PART-0070,P03,1711,1461,35.1,2026-09-30
PART-0070,P04,1334,1282,31.2,2026-09-30
PART-0070,P05,2334,1642,42.7,2026-09-30
PART-0070,P06,1343,1639,24.6,2026-09-30
PART-0070,P07,1284,1075,35.8,2026-09-30
PART-0070,P08,1461,1193,36.7,2026-09-30
PART-0070,P09,272,424,19.3,2026-09-30
PART-0070,P10,995,831,36.0,2026-09-30
PART-0070,P11,1915,2508,22.9,2026-09-30
PART-0070,P12,916,1083,25.4,2026-09-30
PART-0071,P01,1643,1293,38.1,2026-09-30
PART-0071,P02,3901,2898,40.4,2026-09-30
PART-0071,P03,1310,945,41.6,2026-09-30
PART-0071,P04,480,429,33.6,2026-09-30
PART-0071,P05,1561,1575,29.8,2026-09-30
PART-0071,P06,1512,1579,28.7,2026-09-30
PART-0071,P07,1883,2801,20.2,2026-09-30
PART-0071,P08,1261,1325,28.6,2026-09-30
PART-0071,P09,1411,1611,26.3,2026-09-30
PART-0071,P10,2291,1806,38.1,2026-09-30
PART-0071,P11,1940,2940,19.8,2026-09-30
PART-0071,P12,1970,2127,27.8,2026-09-30
PART-0072,P01,3235,2269,42.8,2026-09-30
PART-0072,P02,2473,1875,39.6,2026-09-30
PART-0072,P03,480,529,27.2,2026-09-30
PART-0072,P04,1850,1318,42.1,2026-09-30
PART-0072,P05,465,447,31.2,2026-09-30
PART-0072,P06,2070,1960,31.7,2026-09-30
PART-0072,P07,1406,1049,40.2,2026-09-30
PART-0072,P08,898,1481,18.2,2026-09-30
PART-0072,P09,4049,2763,44.0,2026-09-30
PART-0072,P10,2581,1790,43.3,2026-09-30
PART-0072,P11,961,718,40.2,2026-09-30
PART-0072,P12,1460,987,44.4,2026-09-30
PART-0073,P01,1747,1632,32.1,2026-09-30
PART-0073,P02,1130,1883,18.0,2026-09-30
PART-0073,P03,693,612,34.0,2026-09-30
PART-0073,P04,3254,2473,39.5,2026-09-30
PART-0073,P05,4274,2910,44.1,2026-09-30
PART-0073,P06,1224,1724,21.3,2026-09-30
PART-0073,P07,4234,2890,44.0,2026-09-30
PART-0073,P08,1888,2446,23.2,2026-09-30
PART-0073,P09,1026,1183,26.0,2026-09-30
PART-0073,P10,1810,1305,41.6,2026-09-30
PART-0073,P11,2255,1537,44.0,2026-09-30
PART-0073,P12,2486,2140,34.9,2026-09-30
PART-0074,P01,2329,2072,33.7,2026-09-30
PART-0074,P02,1542,1452,31.9,2026-09-30
PART-0074,P03,992,830,35.9,2026-09-30
PART-0074,P04,391,364,32.2,2026-09-30
PART-0074,P05,923,675,41.0,2026-09-30
PART-0074,P06,2322,1674,41.6,2026-09-30
PART-0074,P07,2366,2487,28.5,2026-09-30
PART-0074,P08,3215,2448,39.4,2026-09-30
PART-0074,P09,406,482,25.3,2026-09-30
PART-0074,P10,840,1372,18.4,2026-09-30
PART-0074,P11,3428,2896,35.5,2026-09-30
PART-0074,P12,538,675,23.9,2026-09-30
PART-0075,P01,586,433,40.6,2026-09-30
PART-0075,P02,1867,2600,21.5,2026-09-30
PART-0075,P03,3669,2925,37.6,2026-09-30
PART-0075,P04,2671,2791,28.7,2026-09-30
PART-0075,P05,3420,2695,38.1,2026-09-30
PART-0075,P06,2858,2723,31.5,2026-09-30
PART-0075,P07,1434,1437,29.9,2026-09-30
PART-0075,P08,474,703,20.2,2026-09-30
PART-0075,P09,253,346,22.0,2026-09-30
PART-0075,P10,2112,1676,37.8,2026-09-30
PART-0075,P11,1635,1720,28.5,2026-09-30
PART-0075,P12,919,952,29.0,2026-09-30
PART-0076,P01,2138,1476,43.5,2026-09-30
PART-0076,P02,1815,2945,18.5,2026-09-30
PART-0076,P03,1695,1237,41.1,2026-09-30
PART-0076,P04,822,1197,20.6,2026-09-30
PART-0076,P05,1103,752,44.0,2026-09-30
PART-0076,P06,1750,1626,32.3,2026-09-30
PART-0076,P07,2047,2358,26.1,2026-09-30
PART-0076,P08,1352,1431,28.3,2026-09-30
PART-0076,P09,1521,2177,21.0,2026-09-30
PART-0076,P10,1228,1564,23.6,2026-09-30
PART-0076,P11,2086,2397,26.1,2026-09-30
PART-0076,P12,1763,2639,20.1,2026-09-30
PART-0077,P01,1878,1527,36.9,2026-09-30
PART-0077,P02,2297,2891,23.8,2026-09-30
PART-0077,P03,945,905,31.3,2026-09-30
PART-0077,P04,2365,1716,41.4,2026-09-30
PART-0077,P05,1887,2408,23.5,2026-09-30
PART-0077,P06,1482,1812,24.5,2026-09-30
PART-0077,P07,3163,2443,38.8,2026-09-30
PART-0077,P08,1057,1198,26.5,2026-09-30
PART-0077,P09,3556,2700,39.5,2026-09-30
PART-0077,P10,1127,767,44.1,2026-09-30
PART-0077,P11,1517,1974,23.1,2026-09-30
PART-0077,P12,1094,1340,24.5,2026-09-30
PART-0078,P01,504,597,25.3,2026-09-30
PART-0078,P02,1123,1056,31.9,2026-09-30
PART-0078,P03,3697,2467,45.0,2026-09-30
PART-0078,P04,3710,2974,37.4,2026-09-30
PART-0078,P05,2944,2698,32.7,2026-09-30
PART-0078,P06,2542,2911,26.2,2026-09-30
PART-0078,P07,1032,962,32.2,2026-09-30
PART-0078,P08,2614,1771,44.3,2026-09-30
PART-0078,P09,2893,1975,43.9,2026-09-30
PART-0078,P10,4287,2911,44.2,2026-09-30
PART-0078,P11,1629,1435,34.1,2026-09-30
PART-0078,P12,823,861,28.7,2026-09-30
PART-0079,P01,3455,2487,41.7,2026-09-30
PART-0079,P02,890,866,30.8,2026-09-30
PART-0079,P03,687,720,28.6,2026-09-30
PART-0079,P04,1308,1162,33.8,2026-09-30
PART-0079,P05,3822,2935,39.1,2026-09-30
PART-0079,P06,1681,1893,26.6,2026-09-30
PART-0079,P07,566,533,31.9,2026-09-30
PART-0079,P08,2586,2708,28.7,2026-09-30
PART-0079,P09,2745,1943,42.4,2026-09-30
PART-0079,P10,451,534,25.4,2026-09-30
PART-0079,P11,2623,2840,27.7,2026-09-30
PART-0079,P12,2258,1920,35.3,2026-09-30
PART-0080,P01,774,1002,23.2,2026-09-30
PART-0080,P02,2590,2157,36.0,2026-09-30
PART-0080,P03,3262,2317,42.2,2026-09-30
PART-0080,P04,4063,2931,41.6,2026-09-30
PART-0080,P05,262,375,21.0,2026-09-30
PART-0080,P06,2043,2021,30.3,2026-09-30
PART-0080,P07,3499,2609,40.2,2026-09-30
PART-0080,P08,1596,1775,27.0,2026-09-30
PART-0080,P09,480,332,43.4,2026-09-30
PART-0080,P10,2877,2512,34.4,2026-09-30
PART-0080,P11,1396,1283,32.7,2026-09-30
PART-0080,P12,1994,1400,42.7,2026-09-30
PART-0081,P01,2253,2254,30.0,2026-09-30
PART-0081,P02,1493,2460,18.2,2026-09-30
PART-0081,P03,1553,2008,23.2,2026-09-30
PART-0081,P04,3429,2762,37.2,2026-09-30
PART-0081,P05,1727,2144,24.2,2026-09-30
PART-0081,P06,1441,1593,27.2,2026-09-30
PART-0081,P07,2211,1840,36.0,2026-09-30
PART-0081,P08,1764,2091,25.3,2026-09-30
PART-0081,P09,2025,2568,23.7,2026-09-30
PART-0081,P10,3887,2846,41.0,2026-09-30
PART-0081,P11,2731,2974,27.6,2026-09-30
PART-0081,P12,2545,2947,25.9,2026-09-30
PART-0082,P01,1927,2425,23.9,2026-09-30
PART-0082,P02,298,352,25.4,2026-09-30
PART-0082,P03,303,377,24.2,2026-09-30
PART-0082,P04,600,541,33.3,2026-09-30
PART-0082,P05,2443,2604,28.2,2026-09-30
PART-0082,P06,1774,2580,20.6,2026-09-30
PART-0082,P07,2716,1822,44.7,2026-09-30
PART-0082,P08,784,723,32.6,2026-09-30
PART-0082,P09,1562,2226,21.1,2026-09-30
PART-0082,P10,1114,1288,26.0,2026-09-30
PART-0082,P11,3006,2085,43.3,2026-09-30
PART-0082,P12,978,1362,21.6,2026-09-30
PART-0083,P01,1562,1200,39.1,2026-09-30
PART-0083,P02,1335,966,41.5,2026-09-30
PART-0083,P03,3208,2466,39.0,2026-09-30
PART-0083,P04,1018,976,31.3,2026-09-30
PART-0083,P05,295,453,19.6,2026-09-30
PART-0083,P06,2317,2255,30.8,2026-09-30
PART-0083,P07,1735,1174,44.4,2026-09-30
PART-0083,P08,730,687,31.9,2026-09-30
PART-0083,P09,1325,1924,20.7,2026-09-30
PART-0083,P10,1471,1647,26.8,2026-09-30
PART-0083,P11,1287,916,42.2,2026-09-30
PART-0083,P12,1376,2114,19.5,2026-09-30
PART-0084,P01,1271,1705,22.4,2026-09-30
PART-0084,P02,1416,1664,25.5,2026-09-30
PART-0084,P03,1520,2196,20.8,2026-09-30
PART-0084,P04,681,628,32.6,2026-09-30
PART-0084,P05,3621,2660,40.8,2026-09-30
PART-0084,P06,1100,941,35.1,2026-09-30
PART-0084,P07,2671,2118,37.8,2026-09-30
PART-0084,P08,971,1017,28.7,2026-09-30
PART-0084,P09,519,676,23.1,2026-09-30
PART-0084,P10,558,401,41.8,2026-09-30
PART-0084,P11,708,1047,20.3,2026-09-30
PART-0084,P12,3549,2402,44.3,2026-09-30
PART-0085,P01,335,537,18.7,2026-09-30
PART-0085,P02,823,973,25.4,2026-09-30
PART-0085,P03,2281,1854,36.9,2026-09-30
PART-0085,P04,3627,2579,42.2,2026-09-30
PART-0085,P05,1048,748,42.1,2026-09-30
PART-0085,P06,1627,2084,23.4,2026-09-30
PART-0085,P07,1205,1123,32.2,2026-09-30
PART-0085,P08,3237,2253,43.1,2026-09-30
PART-0085,P09,4133,2772,44.7,2026-09-30
PART-0085,P10,513,517,29.8,2026-09-30
PART-0085,P11,1583,1450,32.8,2026-09-30
PART-0085,P12,2921,2492,35.2,2026-09-30
PART-0086,P01,992,1047,28.4,2026-09-30
PART-0086,P02,2166,1504,43.2,2026-09-30
PART-0086,P03,1207,1663,21.8,2026-09-30
PART-0086,P04,864,668,38.8,2026-09-30
PART-0086,P05,3635,2709,40.3,2026-09-30
PART-0086,P06,2678,2635,30.5,2026-09-30
PART-0086,P07,2441,2558,28.6,2026-09-30
PART-0086,P08,734,500,44.0,2026-09-30
PART-0086,P09,1035,1284,24.2,2026-09-30
PART-0086,P10,1759,1184,44.6,2026-09-30
PART-0086,P11,1857,2067,27.0,2026-09-30
PART-0086,P12,735,919,24.0,2026-09-30
PART-0087,P01,380,443,25.8,2026-09-30
PART-0087,P02,1443,1375,31.5,2026-09-30
PART-0087,P03,217,345,18.9,2026-09-30
PART-0087,P04,1727,1398,37.1,2026-09-30
PART-0087,P05,1854,1344,41.4,2026-09-30
PART-0087,P06,1913,1379,41.6,2026-09-30
PART-0087,P07,517,723,21.5,2026-09-30
PART-0087,P08,1399,1589,26.4,2026-09-30
PART-0087,P09,1124,1015,33.2,2026-09-30
PART-0087,P10,1177,1208,29.2,2026-09-30
PART-0087,P11,2081,1949,32.0,2026-09-30
PART-0087,P12,2034,1955,31.2,2026-09-30
PART-0088,P01,1792,1381,38.9,2026-09-30
PART-0088,P02,3089,2630,35.2,2026-09-30
PART-0088,P03,2996,2988,30.1,2026-09-30
PART-0088,P04,2488,2270,32.9,2026-09-30
PART-0088,P05,1424,1321,32.3,2026-09-30
PART-0088,P06,2350,2863,24.6,2026-09-30
PART-0088,P07,1688,1844,27.5,2026-09-30
PART-0088,P08,1878,2131,26.4,2026-09-30
PART-0088,P09,1749,1450,36.2,2026-09-30
PART-0088,P10,2090,2304,27.2,2026-09-30
PART-0088,P11,2483,2550,29.2,2026-09-30
PART-0088,P12,1557,1101,42.4,2026-09-30
PART-0089,P01,1282,1576,24.4,2026-09-30
PART-0089,P02,524,439,35.8,2026-09-30
PART-0089,P03,2644,2548,31.1,2026-09-30
PART-0089,P04,1527,1585,28.9,2026-09-30
PART-0089,P05,2346,2385,29.5,2026-09-30
PART-0089,P06,2430,2072,35.2,2026-09-30
PART-0089,P07,914,1127,24.3,2026-09-30
PART-0089,P08,1218,1632,22.4,2026-09-30
PART-0089,P09,1488,1652,27.0,2026-09-30
PART-0089,P10,2745,2685,30.7,2026-09-30
PART-0089,P11,2033,2960,20.6,2026-09-30
PART-0089,P12,1864,2436,23.0,2026-09-30
PART-0090,P01,901,701,38.6,2026-09-30
PART-0090,P02,2762,2672,31.0,2026-09-30
PART-0090,P03,1581,1382,34.3,2026-09-30
PART-0090,P04,605,445,40.8,2026-09-30
PART-0090,P05,1822,1640,33.3,2026-09-30
PART-0090,P06,297,398,22.4,2026-09-30
PART-0090,P07,495,452,32.9,2026-09-30
PART-0090,P08,2486,1997,37.4,2026-09-30
PART-0090,P09,3094,2256,41.1,2026-09-30
PART-0090,P10,574,402,42.9,2026-09-30
PART-0090,P11,726,777,28.1,2026-09-30
PART-0090,P12,2083,2323,26.9,2026-09-30
PART-0091,P01,1111,1515,22.0,2026-09-30
PART-0091,P02,1229,1043,35.4,2026-09-30
PART-0091,P03,1491,1437,31.1,2026-09-30
PART-0091,P04,2308,1686,41.1,2026-09-30
PART-0091,P05,4282,2957,43.5,2026-09-30
PART-0091,P06,2826,2436,34.8,2026-09-30
PART-0091,P07,1198,959,37.5,2026-09-30
PART-0091,P08,1802,2111,25.6,2026-09-30
PART-0091,P09,2039,1997,30.6,2026-09-30
PART-0091,P10,256,409,18.8,2026-09-30
PART-0091,P11,1328,972,41.0,2026-09-30
PART-0091,P12,1007,1509,20.0,2026-09-30
PART-0092,P01,1166,1035,33.8,2026-09-30
PART-0092,P02,2847,2184,39.1,2026-09-30
PART-0092,P03,379,507,22.4,2026-09-30
PART-0092,P04,1914,1375,41.8,2026-09-30
PART-0092,P05,1052,788,40.1,2026-09-30
PART-0092,P06,1608,1984,24.3,2026-09-30
PART-0092,P07,889,1427,18.7,2026-09-30
PART-0092,P08,1181,1735,20.4,2026-09-30
PART-0092,P09,3615,2809,38.6,2026-09-30
PART-0092,P10,1489,1472,30.4,2026-09-30
PART-0092,P11,1771,1789,29.7,2026-09-30
PART-0092,P12,895,1199,22.4,2026-09-30
PART-0093,P01,2806,2660,31.7,2026-09-30
PART-0093,P02,896,829,32.4,2026-09-30
PART-0093,P03,2210,2517,26.3,2026-09-30
PART-0093,P04,1320,1162,34.1,2026-09-30
PART-0093,P05,2404,2047,35.2,2026-09-30
PART-0093,P06,3870,2932,39.6,2026-09-30
PART-0093,P07,3066,2533,36.3,2026-09-30
PART-0093,P08,3698,2594,42.8,2026-09-30
PART-0093,P09,1876,2826,19.9,2026-09-30
PART-0093,P10,1191,1479,24.2,2026-09-30
PART-0093,P11,1664,1560,32.0,2026-09-30
PART-0093,P12,1151,1837,18.8,2026-09-30
PART-0094,P01,3262,2347,41.7,2026-09-30
PART-0094,P02,2936,2600,33.9,2026-09-30
PART-0094,P03,834,941,26.6,2026-09-30
PART-0094,P04,724,1115,19.5,2026-09-30
PART-0094,P05,1068,1683,19.0,2026-09-30
PART-0094,P06,2186,1702,38.5,2026-09-30
PART-0094,P07,2265,2680,25.4,2026-09-30
PART-0094,P08,1065,1531,20.9,2026-09-30
PART-0094,P09,1385,1379,30.1,2026-09-30
PART-0094,P10,1414,1993,21.3,2026-09-30
PART-0094,P11,602,475,38.0,2026-09-30
PART-0094,P12,1393,1765,23.7,2026-09-30
PART-0095,P01,1847,2206,25.1,2026-09-30
PART-0095,P02,704,799,26.4,2026-09-30
PART-0095,P03,2192,1469,44.8,2026-09-30
PART-0095,P04,1239,1613,23.1,2026-09-30
PART-0095,P05,2806,2922,28.8,2026-09-30
PART-0095,P06,2089,1587,39.5,2026-09-30
PART-0095,P07,302,407,22.3,2026-09-30
PART-0095,P08,651,473,41.3,2026-09-30
PART-0095,P09,3955,2815,42.2,2026-09-30
PART-0095,P10,1095,885,37.1,2026-09-30
PART-0095,P11,2364,2646,26.8,2026-09-30
PART-0095,P12,3069,2112,43.6,2026-09-30
PART-0096,P01,1466,1960,22.5,2026-09-30
PART-0096,P02,1135,1282,26.6,2026-09-30
PART-0096,P03,1873,2250,25.0,2026-09-30
PART-0096,P04,4216,2856,44.3,2026-09-30
PART-0096,P05,1447,2058,21.1,2026-09-30
PART-0096,P06,1162,1669,20.9,2026-09-30
PART-0096,P07,1431,1060,40.5,2026-09-30
PART-0096,P08,884,965,27.5,2026-09-30
PART-0096,P09,503,639,23.6,2026-09-30
PART-0096,P10,917,831,33.1,2026-09-30
PART-0096,P11,2688,2838,28.4,2026-09-30
PART-0096,P12,1531,1736,26.5,2026-09-30
PART-0097,P01,3276,2420,40.6,2026-09-30
PART-0097,P02,1957,2791,21.0,2026-09-30
PART-0097,P03,1278,1922,20.0,2026-09-30
PART-0097,P04,2356,2236,31.6,2026-09-30
PART-0097,P05,2286,2057,33.4,2026-09-30
PART-0097,P06,1486,2043,21.8,2026-09-30
PART-0097,P07,3840,2714,42.5,2026-09-30
PART-0097,P08,2831,2397,35.4,2026-09-30
PART-0097,P09,907,1344,20.3,2026-09-30
PART-0097,P10,1530,2329,19.7,2026-09-30
PART-0097,P11,1987,1523,39.1,2026-09-30
PART-0097,P12,2528,2566,29.6,2026-09-30
PART-0098,P01,960,1039,27.7,2026-09-30
PART-0098,P02,2270,2956,23.0,2026-09-30
PART-0098,P03,844,1012,25.0,2026-09-30
PART-0098,P04,895,1060,25.3,2026-09-30
PART-0098,P05,2181,2914,22.5,2026-09-30
PART-0098,P06,395,406,29.2,2026-09-30
PART-0098,P07,3870,2816,41.2,2026-09-30
PART-0098,P08,451,426,31.8,2026-09-30
PART-0098,P09,1056,1232,25.7,2026-09-30
PART-0098,P10,2784,2761,30.3,2026-09-30
PART-0098,P11,2421,2296,31.6,2026-09-30
PART-0098,P12,645,888,21.8,2026-09-30
PART-0099,P01,3069,2909,31.7,2026-09-30
PART-0099,P02,1581,1686,28.1,2026-09-30
PART-0099,P03,402,374,32.3,2026-09-30
PART-0099,P04,4429,2968,44.8,2026-09-30
PART-0099,P05,3656,2649,41.4,2026-09-30
PART-0099,P06,353,449,23.6,2026-09-30
PART-0099,P07,1318,1922,20.6,2026-09-30
PART-0099,P08,329,368,26.9,2026-09-30
PART-0099,P09,565,740,22.9,2026-09-30
PART-0099,P10,3189,2146,44.6,2026-09-30
PART-0099,P11,1265,1222,31.1,2026-09-30
PART-0099,P12,929,756,36.9,2026-09-30
PART-0100,P01,309,396,23.4,2026-09-30
PART-0100,P02,512,524,29.3,2026-09-30
PART-0100,P03,1754,2221,23.7,2026-09-30
PART-0100,P04,1512,2136,21.2,2026-09-30
PART-0100,P05,2539,2875,26.5,2026-09-30
PART-0100,P06,1228,1664,22.1,2026-09-30
PART-0100,P07,1407,1413,29.9,2026-09-30
PART-0100,P08,2443,2957,24.8,2026-09-30
PART-0100,P09,816,1208,20.3,2026-09-30
PART-0100,P10,316,327,29.0,2026-09-30
PART-0100,P11,1786,2952,18.2,2026-09-30
PART-0100,P12,2045,1698,36.1,2026-09-30
PART-0101,P01,296,334,26.6,2026-09-30
PART-0101,P02,1338,2137,18.8,2026-09-30
PART-0101,P03,1355,1942,20.9,2026-09-30
PART-0101,P04,1856,1703,32.7,2026-09-30
PART-0101,P05,1522,1329,34.4,2026-09-30
PART-0101,P06,1220,1653,22.2,2026-09-30
PART-0101,P07,2721,2600,31.4,2026-09-30
PART-0101,P08,354,544,19.5,2026-09-30
PART-0101,P09,1616,2606,18.6,2026-09-30
PART-0101,P10,696,898,23.3,2026-09-30
PART-0101,P11,1095,1030,31.9,2026-09-30
PART-0101,P12,1992,1880,31.8,2026-09-30
PART-0102,P01,677,783,26.0,2026-09-30
PART-0102,P02,1706,1521,33.6,2026-09-30
PART-0102,P03,1789,1934,27.8,2026-09-30
PART-0102,P04,530,619,25.7,2026-09-30
PART-0102,P05,625,1039,18.1,2026-09-30
PART-0102,P06,379,372,30.6,2026-09-30
PART-0102,P07,2860,2819,30.4,2026-09-30
PART-0102,P08,2633,1998,39.5,2026-09-30
PART-0102,P09,1896,1459,39.0,2026-09-30
PART-0102,P10,2351,2244,31.4,2026-09-30
PART-0102,P11,1266,1852,20.5,2026-09-30
PART-0102,P12,3385,2901,35.0,2026-09-30
PART-0103,P01,370,453,24.5,2026-09-30
PART-0103,P02,485,381,38.2,2026-09-30
PART-0103,P03,1863,2661,21.0,2026-09-30
PART-0103,P04,1681,1736,29.1,2026-09-30
PART-0103,P05,1745,1444,36.3,2026-09-30
PART-0103,P06,851,1135,22.5,2026-09-30
PART-0103,P07,3402,2942,34.7,2026-09-30
PART-0103,P08,556,712,23.4,2026-09-30
PART-0103,P09,2054,2705,22.8,2026-09-30
PART-0103,P10,2952,2512,35.3,2026-09-30
PART-0103,P11,1822,1316,41.5,2026-09-30
PART-0103,P12,1624,1909,25.5,2026-09-30
PART-0104,P01,1955,1995,29.4,2026-09-30
PART-0104,P02,359,523,20.6,2026-09-30
PART-0104,P03,608,769,23.7,2026-09-30
PART-0104,P04,492,354,41.8,2026-09-30
PART-0104,P05,2595,2240,34.8,2026-09-30
PART-0104,P06,3995,2898,41.4,2026-09-30
PART-0104,P07,1907,1511,37.9,2026-09-30
PART-0104,P08,1227,1387,26.5,2026-09-30
PART-0104,P09,1673,1887,26.6,2026-09-30
PART-0104,P10,334,333,30.1,2026-09-30
PART-0104,P11,952,789,36.2,2026-09-30
PART-0104,P12,3385,2394,42.4,2026-09-30
PART-0105,P01,2022,2968,20.4,2026-09-30
PART-0105,P02,2403,2608,27.7,2026-09-30
PART-0105,P03,3237,2219,43.8,2026-09-30
PART-0105,P04,1708,2302,22.3,2026-09-30
PART-0105,P05,1696,1228,41.5,2026-09-30
PART-0105,P06,1283,1863,20.7,2026-09-30
PART-0105,P07,1100,1383,23.9,2026-09-30
PART-0105,P08,3436,2567,40.2,2026-09-30
PART-0105,P09,3764,2909,38.8,2026-09-30
PART-0105,P10,2369,2203,32.3,2026-09-30
PART-0105,P11,1661,1659,30.0,2026-09-30
PART-0105,P12,3069,2908,31.7,2026-09-30
PART-0106,P01,2652,1770,45.0,2026-09-30
PART-0106,P02,351,501,21.0,2026-09-30
PART-0106,P03,1072,1601,20.1,2026-09-30
PART-0106,P04,2214,1518,43.8,2026-09-30
PART-0106,P05,505,355,42.7,2026-09-30
PART-0106,P06,2667,2722,29.4,2026-09-30
PART-0106,P07,1145,902,38.1,2026-09-30
PART-0106,P08,2174,2328,28.0,2026-09-30
PART-0106,P09,2376,1791,39.8,2026-09-30
PART-0106,P10,3032,2530,36.0,2026-09-30
PART-0106,P11,1684,2145,23.6,2026-09-30
PART-0106,P12,2642,2252,35.2,2026-09-30
PART-0107,P01,3103,2799,33.3,2026-09-30
PART-0107,P02,2192,2690,24.5,2026-09-30
PART-0107,P03,1302,1057,37.0,2026-09-30
PART-0107,P04,744,562,39.7,2026-09-30
PART-0107,P05,2554,1763,43.5,2026-09-30
PART-0107,P06,1757,2777,19.0,2026-09-30
PART-0107,P07,1426,1403,30.5,2026-09-30
PART-0107,P08,1849,2113,26.3,2026-09-30
PART-0107,P09,1368,1210,33.9,2026-09-30
PART-0107,P10,639,1043,18.4,2026-09-30
PART-0107,P11,3658,2530,43.4,2026-09-30
PART-0107,P12,3080,2330,39.7,2026-09-30
PART-0108,P01,1363,1852,22.1,2026-09-30
PART-0108,P02,2287,2074,33.1,2026-09-30
PART-0108,P03,3039,2392,38.1,2026-09-30
PART-0108,P04,1187,1886,18.9,2026-09-30
PART-0108,P05,4068,2891,42.2,2026-09-30
PART-0108,P06,2697,2496,32.4,2026-09-30
PART-0108,P07,3217,2616,36.9,2026-09-30
PART-0108,P08,2653,2434,32.7,2026-09-30
PART-0108,P09,2535,1746,43.6,2026-09-30
PART-0108,P10,1660,1975,25.2,2026-09-30
PART-0108,P11,3590,2838,38.0,2026-09-30
PART-0108,P12,1085,1234,26.4,2026-09-30
PART-0109,P01,773,673,34.5,2026-09-30
PART-0109,P02,2017,2322,26.1,2026-09-30
PART-0109,P03,1867,2263,24.8,2026-09-30
PART-0109,P04,1794,1914,28.1,2026-09-30
PART-0109,P05,1547,1456,31.9,2026-09-30
PART-0109,P06,1241,982,37.9,2026-09-30
PART-0109,P07,646,521,37.2,2026-09-30
PART-0109,P08,2052,1684,36.6,2026-09-30
PART-0109,P09,2290,2460,27.9,2026-09-30
PART-0109,P10,1543,1797,25.8,2026-09-30
PART-0109,P11,709,592,36.0,2026-09-30
PART-0109,P12,470,318,44.4,2026-09-30
PART-0110,P01,538,433,37.3,2026-09-30
PART-0110,P02,2589,1768,43.9,2026-09-30
PART-0110,P03,2330,2733,25.6,2026-09-30
PART-0110,P04,1597,1405,34.1,2026-09-30
PART-0110,P05,471,784,18.1,2026-09-30
PART-0110,P06,491,511,28.8,2026-09-30
PART-0110,P07,1129,991,34.2,2026-09-30
PART-0110,P08,2306,2776,24.9,2026-09-30
PART-0110,P09,2664,2360,33.9,2026-09-30
PART-0110,P10,2296,1563,44.1,2026-09-30
PART-0110,P11,976,678,43.2,2026-09-30
PART-0110,P12,669,492,40.8,2026-09-30
PART-0111,P01,448,547,24.6,2026-09-30
PART-0111,P02,355,368,29.0,2026-09-30
PART-0111,P03,830,1163,21.4,2026-09-30
PART-0111,P04,2279,2303,29.7,2026-09-30
PART-0111,P05,1125,1813,18.6,2026-09-30
PART-0111,P06,3020,2298,39.4,2026-09-30
PART-0111,P07,1977,2661,22.3,2026-09-30
PART-0111,P08,2394,2560,28.1,2026-09-30
PART-0111,P09,353,437,24.3,2026-09-30
PART-0111,P10,3282,2213,44.5,2026-09-30
PART-0111,P11,1390,1073,38.9,2026-09-30
PART-0111,P12,2050,1667,36.9,2026-09-30
PART-0112,P01,2577,2243,34.5,2026-09-30
PART-0112,P02,650,894,21.8,2026-09-30
PART-0112,P03,3488,2360,44.3,2026-09-30
PART-0112,P04,1709,1884,27.2,2026-09-30
PART-0112,P05,3253,2419,40.3,2026-09-30
PART-0112,P06,790,1150,20.6,2026-09-30
PART-0112,P07,273,452,18.1,2026-09-30
PART-0112,P08,2465,1988,37.2,2026-09-30
PART-0112,P09,1493,1246,36.0,2026-09-30
PART-0112,P10,2710,2010,40.5,2026-09-30
PART-0112,P11,1033,718,43.2,2026-09-30
PART-0112,P12,1020,708,43.2,2026-09-30
PART-0113,P01,2121,2274,28.0,2026-09-30
PART-0113,P02,2922,2896,30.3,2026-09-30
PART-0113,P03,1682,1128,44.8,2026-09-30
PART-0113,P04,1109,772,43.1,2026-09-30
PART-0113,P05,1644,2406,20.5,2026-09-30
PART-0113,P06,1990,1570,38.0,2026-09-30
PART-0113,P07,855,869,29.5,2026-09-30
PART-0113,P08,1970,1669,35.4,2026-09-30
PART-0113,P09,1373,1408,29.3,2026-09-30
PART-0113,P10,2105,1747,36.2,2026-09-30
PART-0113,P11,2770,2430,34.2,2026-09-30
PART-0113,P12,3160,2312,41.0,2026-09-30
PART-0114,P01,2802,2816,29.9,2026-09-30
PART-0114,P02,938,982,28.7,2026-09-30
PART-0114,P03,1638,1263,38.9,2026-09-30
PART-0114,P04,1943,2510,23.2,2026-09-30
PART-0114,P05,794,1083,22.0,2026-09-30
PART-0114,P06,3935,2781,42.5,2026-09-30
PART-0114,P07,3283,2588,38.1,2026-09-30
PART-0114,P08,2493,2551,29.3,2026-09-30
PART-0114,P09,1717,2632,19.6,2026-09-30
PART-0114,P10,2806,1997,42.2,2026-09-30
PART-0114,P11,1746,2445,21.4,2026-09-30
PART-0114,P12,3101,2178,42.7,2026-09-30
PART-0115,P01,471,353,40.1,2026-09-30
PART-0115,P02,794,1175,20.3,2026-09-30
PART-0115,P03,841,622,40.6,2026-09-30
PART-0115,P04,1124,1350,25.0,2026-09-30
PART-0115,P05,2227,2978,22.4,2026-09-30
PART-0115,P06,2707,2773,29.3,2026-09-30
PART-0115,P07,2171,1700,38.3,2026-09-30
PART-0115,P08,2424,2083,34.9,2026-09-30
PART-0115,P09,3374,2281,44.4,2026-09-30
PART-0115,P10,1788,1928,27.8,2026-09-30
PART-0115,P11,420,665,19.0,2026-09-30
PART-0115,P12,3190,2232,42.9,2026-09-30
PART-0116,P01,3588,2924,36.8,2026-09-30
PART-0116,P02,2655,2479,32.1,2026-09-30
PART-0116,P03,407,496,24.7,2026-09-30
PART-0116,P04,2966,2235,39.8,2026-09-30
PART-0116,P05,1139,1830,18.7,2026-09-30
PART-0116,P06,435,564,23.2,2026-09-30
PART-0116,P07,1169,861,40.7,2026-09-30
PART-0116,P08,1748,1575,33.3,2026-09-30
PART-0116,P09,1475,1445,30.6,2026-09-30
PART-0116,P10,1240,1137,32.7,2026-09-30
PART-0116,P11,1839,1357,40.7,2026-09-30
PART-0116,P12,860,1083,23.8,2026-09-30
PART-0117,P01,939,1380,20.4,2026-09-30
PART-0117,P02,1179,1920,18.4,2026-09-30
PART-0117,P03,2391,1752,40.9,2026-09-30
PART-0117,P04,4186,2939,42.7,2026-09-30
PART-0117,P05,2343,2562,27.4,2026-09-30
PART-0117,P06,453,493,27.6,2026-09-30
PART-0117,P07,1002,970,31.0,2026-09-30
PART-0117,P08,837,675,37.2,2026-09-30
PART-0117,P09,1301,965,40.5,2026-09-30
PART-0117,P10,950,966,29.5,2026-09-30
PART-0117,P11,1397,1965,21.3,2026-09-30
PART-0117,P12,2336,2393,29.3,2026-09-30
PART-0118,P01,3118,2160,43.3,2026-09-30
PART-0118,P02,1881,2611,21.6,2026-09-30
PART-0118,P03,1279,1173,32.7,2026-09-30
PART-0118,P04,1094,1027,32.0,2026-09-30
PART-0118,P05,1468,1389,31.7,2026-09-30
PART-0118,P06,3196,2144,44.7,2026-09-30
PART-0118,P07,882,950,27.9,2026-09-30
PART-0118,P08,687,736,28.0,2026-09-30
PART-0118,P09,1776,1827,29.2,2026-09-30
PART-0118,P10,763,1018,22.5,2026-09-30
PART-0118,P11,1491,1298,34.5,2026-09-30
PART-0118,P12,905,908,29.9,2026-09-30
PART-0119,P01,1943,2949,19.8,2026-09-30
PART-0119,P02,2179,2142,30.5,2026-09-30
PART-0119,P03,2788,2043,40.9,2026-09-30
PART-0119,P04,1751,1662,31.6,2026-09-30
PART-0119,P05,545,649,25.2,2026-09-30
PART-0119,P06,1211,1964,18.5,2026-09-30
PART-0119,P07,1156,1036,33.5,2026-09-30
PART-0119,P08,495,799,18.6,2026-09-30
PART-0119,P09,1375,986,41.9,2026-09-30
PART-0119,P10,489,587,25.0,2026-09-30
PART-0119,P11,1602,1507,31.9,2026-09-30
PART-0119,P12,3411,2535,40.4,2026-09-30
PART-0120,P01,235,371,19.1,2026-09-30
PART-0120,P02,1229,1452,25.4,2026-09-30
PART-0120,P03,975,1270,23.0,2026-09-30
PART-0120,P04,2492,2073,36.1,2026-09-30
PART-0120,P05,1095,1450,22.7,2026-09-30
PART-0120,P06,2986,2439,36.7,2026-09-30
PART-0120,P07,2487,2053,36.3,2026-09-30
PART-0120,P08,1929,1877,30.8,2026-09-30
PART-0120,P09,1550,1272,36.6,2026-09-30
PART-0120,P10,863,1204,21.5,2026-09-30
PART-0120,P11,1915,1694,33.9,2026-09-30
PART-0120,P12,2718,2092,39.0,2026-09-30
PART-0121,P01,1311,1661,23.7,2026-09-30
PART-0121,P02,1931,2975,19.5,2026-09-30
PART-0121,P03,2862,2198,39.1,2026-09-30
PART-0121,P04,2610,2328,33.6,2026-09-30
PART-0121,P05,2311,2344,29.6,2026-09-30
PART-0121,P06,618,965,19.2,2026-09-30
PART-0121,P07,1948,1657,35.3,2026-09-30
PART-0121,P08,3247,2837,34.3,2026-09-30
PART-0121,P09,3219,2222,43.5,2026-09-30
PART-0121,P10,1252,1980,19.0,2026-09-30
PART-0121,P11,3252,2910,33.5,2026-09-30
PART-0121,P12,1654,2115,23.5,2026-09-30
PART-0122,P01,1444,1672,25.9,2026-09-30
PART-0122,P02,600,954,18.9,2026-09-30
PART-0122,P03,2307,2714,25.5,2026-09-30
PART-0122,P04,2480,1749,42.5,2026-09-30
PART-0122,P05,2747,1972,41.8,2026-09-30
PART-0122,P06,545,442,37.0,2026-09-30
PART-0122,P07,3058,2921,31.4,2026-09-30
PART-0122,P08,1390,1850,22.5,2026-09-30
PART-0122,P09,620,645,28.9,2026-09-30
PART-0122,P10,1323,980,40.5,2026-09-30
PART-0122,P11,1023,698,44.0,2026-09-30
PART-0122,P12,662,728,27.3,2026-09-30
PART-0123,P01,546,612,26.8,2026-09-30
PART-0123,P02,717,579,37.2,2026-09-30
PART-0123,P03,1689,2174,23.3,2026-09-30
PART-0123,P04,1239,1554,23.9,2026-09-30
PART-0123,P05,1349,974,41.6,2026-09-30
PART-0123,P06,2187,2989,22.0,2026-09-30
PART-0123,P07,1045,1645,19.1,2026-09-30
PART-0123,P08,633,590,32.2,2026-09-30
PART-0123,P09,1761,1230,43.0,2026-09-30
PART-0123,P10,2007,2902,20.7,2026-09-30
PART-0123,P11,747,752,29.8,2026-09-30
PART-0123,P12,496,728,20.5,2026-09-30
PART-0124,P01,517,469,33.1,2026-09-30
PART-0124,P02,2132,1618,39.5,2026-09-30
PART-0124,P03,2347,2532,27.8,2026-09-30
PART-0124,P04,4161,2886,43.3,2026-09-30
PART-0124,P05,2618,1834,42.8,2026-09-30
PART-0124,P06,1590,1954,24.4,2026-09-30
PART-0124,P07,2670,2337,34.3,2026-09-30
PART-0124,P08,1754,1876,28.1,2026-09-30
PART-0124,P09,566,580,29.3,2026-09-30
PART-0124,P10,1353,1149,35.3,2026-09-30
PART-0124,P11,958,1490,19.3,2026-09-30
PART-0124,P12,2469,1951,38.0,2026-09-30
PART-0125,P01,360,431,25.1,2026-09-30
PART-0125,P02,848,1214,21.0,2026-09-30
PART-0125,P03,1167,1486,23.6,2026-09-30
PART-0125,P04,1104,1418,23.4,2026-09-30
PART-0125,P05,1217,882,41.4,2026-09-30
PART-0125,P06,3244,2233,43.6,2026-09-30
PART-0125,P07,239,332,21.6,2026-09-30
PART-0125,P08,2474,1978,37.5,2026-09-30
PART-0125,P09,3038,2457,37.1,2026-09-30
PART-0125,P10,3722,2758,40.5,2026-09-30
PART-0125,P11,2729,2060,39.7,2026-09-30
PART-0125,P12,533,879,18.2,2026-09-30
PART-0126,P01,1523,2052,22.3,2026-09-30
PART-0126,P02,975,1321,22.2,2026-09-30
PART-0126,P03,2795,2837,29.6,2026-09-30
PART-0126,P04,370,351,31.6,2026-09-30
PART-0126,P05,1766,2267,23.4,2026-09-30
PART-0126,P06,795,677,35.3,2026-09-30
PART-0126,P07,1643,2658,18.6,2026-09-30
PART-0126,P08,398,348,34.4,2026-09-30
PART-0126,P09,2610,1964,39.9,2026-09-30
PART-0126,P10,1239,1146,32.5,2026-09-30
PART-0126,P11,1483,1376,32.3,2026-09-30
PART-0126,P12,2955,2520,35.2,2026-09-30
PART-0127,P01,917,1347,20.4,2026-09-30
PART-0127,P02,2419,1720,42.2,2026-09-30
PART-0127,P03,3091,2127,43.6,2026-09-30
PART-0127,P04,1100,1567,21.1,2026-09-30
PART-0127,P05,2559,2015,38.1,2026-09-30
PART-0127,P06,2233,1716,39.0,2026-09-30
PART-0127,P07,2700,2610,31.0,2026-09-30
PART-0127,P08,1819,2223,24.6,2026-09-30
PART-0127,P09,2411,2307,31.4,2026-09-30
PART-0127,P10,776,897,26.0,2026-09-30
PART-0127,P11,1063,1048,30.4,2026-09-30
PART-0127,P12,800,1131,21.2,2026-09-30
PART-0128,P01,1206,884,40.9,2026-09-30
PART-0128,P02,562,815,20.7,2026-09-30
PART-0128,P03,619,611,30.4,2026-09-30
PART-0128,P04,2952,2725,32.5,2026-09-30
PART-0128,P05,887,1254,21.2,2026-09-30
PART-0128,P06,1834,1358,40.5,2026-09-30
PART-0128,P07,1807,1325,40.9,2026-09-30
PART-0128,P08,1815,2842,19.2,2026-09-30
PART-0128,P09,1863,2136,26.2,2026-09-30
PART-0128,P10,877,1170,22.5,2026-09-30
PART-0128,P11,1828,1588,34.5,2026-09-30
PART-0128,P12,1252,1852,20.3,2026-09-30
PART-0129,P01,1179,1569,22.5,2026-09-30
PART-0129,P02,2625,2522,31.2,2026-09-30
PART-0129,P03,2609,2345,33.4,2026-09-30
PART-0129,P04,1258,1459,25.9,2026-09-30
PART-0129,P05,2085,1838,34.0,2026-09-30
PART-0129,P06,2564,2609,29.5,2026-09-30
PART-0129,P07,846,573,44.3,2026-09-30
PART-0129,P08,1786,1766,30.3,2026-09-30
PART-0129,P09,1182,999,35.5,2026-09-30
PART-0129,P10,1859,1834,30.4,2026-09-30
PART-0129,P11,1089,1134,28.8,2026-09-30
PART-0129,P12,3035,2044,44.6,2026-09-30
PART-0130,P01,1372,1803,22.8,2026-09-30
PART-0130,P02,2908,2896,30.1,2026-09-30
PART-0130,P03,2649,2579,30.8,2026-09-30
PART-0130,P04,4006,2914,41.2,2026-09-30
PART-0130,P05,3212,2710,35.6,2026-09-30
PART-0130,P06,1993,1517,39.4,2026-09-30
PART-0130,P07,749,804,28.0,2026-09-30
PART-0130,P08,609,880,20.8,2026-09-30
PART-0130,P09,3098,2366,39.3,2026-09-30
PART-0130,P10,4330,2951,44.0,2026-09-30
PART-0130,P11,684,730,28.1,2026-09-30
PART-0130,P12,3869,2696,43.1,2026-09-30
PART-0131,P01,410,484,25.4,2026-09-30
PART-0131,P02,3488,2714,38.6,2026-09-30
PART-0131,P03,711,480,44.4,2026-09-30
PART-0131,P04,1060,1386,22.9,2026-09-30
PART-0131,P05,1676,2088,24.1,2026-09-30
PART-0131,P06,2045,2643,23.2,2026-09-30
PART-0131,P07,1962,1927,30.5,2026-09-30
PART-0131,P08,1448,2289,19.0,2026-09-30
PART-0131,P09,3015,2014,44.9,2026-09-30
PART-0131,P10,2485,2592,28.8,2026-09-30
PART-0131,P11,3918,2678,43.9,2026-09-30
PART-0131,P12,2634,2541,31.1,2026-09-30
PART-0132,P01,2275,2290,29.8,2026-09-30
PART-0132,P02,2371,1709,41.6,2026-09-30
PART-0132,P03,1801,2886,18.7,2026-09-30
PART-0132,P04,2378,1666,42.8,2026-09-30
PART-0132,P05,1148,1756,19.6,2026-09-30
PART-0132,P06,1932,2621,22.1,2026-09-30
PART-0132,P07,3548,2747,38.8,2026-09-30
PART-0132,P08,2886,2795,31.0,2026-09-30
PART-0132,P09,3896,2672,43.7,2026-09-30
PART-0132,P10,1548,1359,34.2,2026-09-30
PART-0132,P11,1441,1994,21.7,2026-09-30
PART-0132,P12,3126,2473,37.9,2026-09-30
PART-0133,P01,2929,2089,42.1,2026-09-30
PART-0133,P02,903,777,34.9,2026-09-30
PART-0133,P03,606,794,22.9,2026-09-30
PART-0133,P04,3947,2632,45.0,2026-09-30
PART-0133,P05,2234,2377,28.2,2026-09-30
PART-0133,P06,1497,1675,26.8,2026-09-30
PART-0133,P07,1668,2446,20.5,2026-09-30
PART-0133,P08,1071,758,42.4,2026-09-30
PART-0133,P09,2073,2886,21.6,2026-09-30
PART-0133,P10,901,863,31.3,2026-09-30
PART-0133,P11,1985,1368,43.5,2026-09-30
PART-0133,P12,419,441,28.6,2026-09-30
PART-0134,P01,2472,2340,31.7,2026-09-30
PART-0134,P02,1176,1637,21.6,2026-09-30
PART-0134,P03,1266,1064,35.7,2026-09-30
PART-0134,P04,948,1233,23.1,2026-09-30
PART-0134,P05,4046,2865,42.4,2026-09-30
PART-0134,P06,3742,2610,43.0,2026-09-30
PART-0134,P07,2293,2494,27.6,2026-09-30
PART-0134,P08,587,527,33.4,2026-09-30
PART-0134,P09,560,406,41.4,2026-09-30
PART-0134,P10,1299,1144,34.1,2026-09-30
PART-0134,P11,2858,2125,40.3,2026-09-30
PART-0134,P12,360,496,21.8,2026-09-30
PART-0135,P01,818,585,42.0,2026-09-30
PART-0135,P02,696,822,25.4,2026-09-30
PART-0135,P03,606,946,19.2,2026-09-30
PART-0135,P04,3544,2835,37.5,2026-09-30
PART-0135,P05,881,1186,22.3,2026-09-30
PART-0135,P06,1102,883,37.5,2026-09-30
PART-0135,P07,1764,2264,23.4,2026-09-30
PART-0135,P08,3243,2183,44.6,2026-09-30
PART-0135,P09,3157,2875,32.9,2026-09-30
PART-0135,P10,2514,2586,29.2,2026-09-30
PART-0135,P11,1318,1006,39.3,2026-09-30
PART-0135,P12,1787,1869,28.7,2026-09-30
PART-0136,P01,3267,2732,35.9,2026-09-30
PART-0136,P02,2261,1779,38.1,2026-09-30
PART-0136,P03,1307,1370,28.6,2026-09-30
PART-0136,P04,3428,2299,44.7,2026-09-30
PART-0136,P05,2647,2079,38.2,2026-09-30
PART-0136,P06,3581,2785,38.6,2026-09-30
PART-0136,P07,3043,2880,31.7,2026-09-30
PART-0136,P08,1452,1490,29.2,2026-09-30
PART-0136,P09,2093,2747,22.9,2026-09-30
PART-0136,P10,1253,1101,34.2,2026-09-30
PART-0136,P11,3677,2968,37.2,2026-09-30
PART-0136,P12,498,668,22.4,2026-09-30
PART-0137,P01,2920,2377,36.9,2026-09-30
PART-0137,P02,1238,1750,21.2,2026-09-30
PART-0137,P03,2614,2171,36.1,2026-09-30
PART-0137,P04,2169,1748,37.2,2026-09-30
PART-0137,P05,1812,2672,20.4,2026-09-30
PART-0137,P06,3239,2255,43.1,2026-09-30
PART-0137,P07,1081,1037,31.3,2026-09-30
PART-0137,P08,1849,2277,24.4,2026-09-30
PART-0137,P09,2996,2702,33.3,2026-09-30
PART-0137,P10,2780,1907,43.7,2026-09-30
PART-0137,P11,2031,2928,20.8,2026-09-30
PART-0137,P12,1716,1657,31.1,2026-09-30
PART-0138,P01,1251,867,43.3,2026-09-30
PART-0138,P02,1863,2661,21.0,2026-09-30
PART-0138,P03,3385,2709,37.5,2026-09-30
PART-0138,P04,1541,1810,25.5,2026-09-30
PART-0138,P05,1665,2358,21.2,2026-09-30
PART-0138,P06,2211,2640,25.1,2026-09-30
PART-0138,P07,1099,1514,21.8,2026-09-30
PART-0138,P08,3948,2808,42.2,2026-09-30
PART-0138,P09,573,752,22.9,2026-09-30
PART-0138,P10,2250,2941,23.0,2026-09-30
PART-0138,P11,2869,2629,32.8,2026-09-30
PART-0138,P12,3630,2947,37.0,2026-09-30
PART-0139,P01,776,587,39.7,2026-09-30
PART-0139,P02,1079,1039,31.2,2026-09-30
PART-0139,P03,1525,1576,29.0,2026-09-30
PART-0139,P04,1039,1283,24.3,2026-09-30
PART-0139,P05,1111,1841,18.1,2026-09-30
PART-0139,P06,887,875,30.4,2026-09-30
PART-0139,P07,1219,1134,32.3,2026-09-30
PART-0139,P08,422,609,20.8,2026-09-30
PART-0139,P09,1062,753,42.3,2026-09-30
PART-0139,P10,3337,2885,34.7,2026-09-30
PART-0139,P11,1277,1594,24.0,2026-09-30
PART-0139,P12,1060,857,37.1,2026-09-30
PART-0140,P01,1656,1228,40.5,2026-09-30
PART-0140,P02,2207,1694,39.1,2026-09-30
PART-0140,P03,1453,1057,41.2,2026-09-30
PART-0140,P04,1544,1772,26.2,2026-09-30
PART-0140,P05,1467,2422,18.2,2026-09-30
PART-0140,P06,1467,1425,30.9,2026-09-30
PART-0140,P07,3215,2914,33.1,2026-09-30
PART-0140,P08,2945,2093,42.2,2026-09-30
PART-0140,P09,1017,1546,19.7,2026-09-30
PART-0140,P10,797,1016,23.5,2026-09-30
PART-0140,P11,1002,725,41.5,2026-09-30
PART-0140,P12,3591,2859,37.7,2026-09-30
PART-0141,P01,2428,2640,27.6,2026-09-30
PART-0141,P02,800,910,26.4,2026-09-30
PART-0141,P03,2624,2103,37.4,2026-09-30
PART-0141,P04,1041,896,34.9,2026-09-30
PART-0141,P05,534,426,37.6,2026-09-30
PART-0141,P06,1081,826,39.3,2026-09-30
PART-0141,P07,854,1369,18.7,2026-09-30
PART-0141,P08,1460,1467,29.9,2026-09-30
PART-0141,P09,624,464,40.4,2026-09-30
PART-0141,P10,1047,864,36.4,2026-09-30
PART-0141,P11,3683,2588,42.7,2026-09-30
PART-0141,P12,1336,2046,19.6,2026-09-30
PART-0142,P01,801,651,36.9,2026-09-30
PART-0142,P02,2762,1953,42.4,2026-09-30
PART-0142,P03,2557,2838,27.0,2026-09-30
PART-0142,P04,3139,2847,33.1,2026-09-30
PART-0142,P05,1115,828,40.4,2026-09-30
PART-0142,P06,673,458,44.1,2026-09-30
PART-0142,P07,2840,2733,31.2,2026-09-30
PART-0142,P08,2592,2171,35.8,2026-09-30
PART-0142,P09,1666,1634,30.6,2026-09-30
PART-0142,P10,1327,1885,21.1,2026-09-30
PART-0142,P11,744,746,29.9,2026-09-30
PART-0142,P12,492,538,27.5,2026-09-30
PART-0143,P01,703,597,35.4,2026-09-30
PART-0143,P02,1154,1477,23.4,2026-09-30
PART-0143,P03,891,1050,25.5,2026-09-30
PART-0143,P04,3694,2923,37.9,2026-09-30
PART-0143,P05,221,322,20.7,2026-09-30
PART-0143,P06,1060,1064,29.9,2026-09-30
PART-0143,P07,573,594,29.0,2026-09-30
PART-0143,P08,2126,1662,38.4,2026-09-30
PART-0143,P09,548,813,20.2,2026-09-30
PART-0143,P10,4189,2847,44.1,2026-09-30
PART-0143,P11,1086,872,37.4,2026-09-30
PART-0143,P12,3438,2530,40.8,2026-09-30
PART-0144,P01,3277,2759,35.6,2026-09-30
PART-0144,P02,767,611,37.7,2026-09-30
PART-0144,P03,551,670,24.7,2026-09-30
PART-0144,P04,2945,2326,38.0,2026-09-30
PART-0144,P05,2312,2098,33.1,2026-09-30
PART-0144,P06,1673,2472,20.3,2026-09-30
PART-0144,P07,3802,2950,38.7,2026-09-30
PART-0144,P08,2799,2877,29.2,2026-09-30
PART-0144,P09,414,432,28.8,2026-09-30
PART-0144,P10,1148,1251,27.5,2026-09-30
PART-0144,P11,670,460,43.7,2026-09-30
PART-0144,P12,3515,2825,37.3,2026-09-30
PART-0145,P01,1374,2085,19.8,2026-09-30
PART-0145,P02,1571,2342,20.1,2026-09-30
PART-0145,P03,723,659,32.9,2026-09-30
PART-0145,P04,2478,2129,34.9,2026-09-30
PART-0145,P05,2438,1998,36.6,2026-09-30
PART-0145,P06,993,1091,27.3,2026-09-30
PART-0145,P07,1459,1692,25.9,2026-09-30
PART-0145,P08,2960,2865,31.0,2026-09-30
PART-0145,P09,850,1096,23.3,2026-09-30
PART-0145,P10,3372,2913,34.7,2026-09-30
PART-0145,P11,1727,2733,19.0,2026-09-30
PART-0145,P12,2207,1500,44.2,2026-09-30
PART-0146,P01,3464,2812,37.0,2026-09-30
PART-0146,P02,2595,2104,37.0,2026-09-30
PART-0146,P03,2095,2793,22.5,2026-09-30
PART-0146,P04,923,1172,23.6,2026-09-30
PART-0146,P05,352,375,28.2,2026-09-30
PART-0146,P06,1412,2305,18.4,2026-09-30
PART-0146,P07,1865,1252,44.7,2026-09-30
PART-0146,P08,1046,1006,31.2,2026-09-30
PART-0146,P09,939,1479,19.1,2026-09-30
PART-0146,P10,800,1272,18.9,2026-09-30
PART-0146,P11,3562,2465,43.4,2026-09-30
PART-0146,P12,1573,2234,21.1,2026-09-30
PART-0147,P01,3328,2552,39.1,2026-09-30
PART-0147,P02,1075,923,35.0,2026-09-30
PART-0147,P03,217,332,19.6,2026-09-30
PART-0147,P04,1745,1739,30.1,2026-09-30
PART-0147,P05,249,338,22.1,2026-09-30
PART-0147,P06,1741,2407,21.7,2026-09-30
PART-0147,P07,2217,2048,32.5,2026-09-30
PART-0147,P08,1420,1282,33.2,2026-09-30
PART-0147,P09,2207,2754,24.0,2026-09-30
PART-0147,P10,2020,1562,38.8,2026-09-30
PART-0147,P11,309,304,30.6,2026-09-30
PART-0147,P12,2163,2086,31.1,2026-09-30
PART-0148,P01,1327,1053,37.8,2026-09-30
PART-0148,P02,432,718,18.1,2026-09-30
PART-0148,P03,330,326,30.4,2026-09-30
PART-0148,P04,714,741,28.9,2026-09-30
PART-0148,P05,2982,2535,35.3,2026-09-30
PART-0148,P06,1447,1826,23.8,2026-09-30
PART-0148,P07,1032,851,36.4,2026-09-30
PART-0148,P08,1908,2068,27.7,2026-09-30
PART-0148,P09,840,909,27.7,2026-09-30
PART-0148,P10,2015,1674,36.1,2026-09-30
PART-0148,P11,1246,1258,29.7,2026-09-30
PART-0148,P12,1387,959,43.4,2026-09-30
PART-0149,P01,1597,1470,32.6,2026-09-30
PART-0149,P02,1413,2011,21.1,2026-09-30
PART-0149,P03,2874,2411,35.8,2026-09-30
PART-0149,P04,1001,878,34.2,2026-09-30
PART-0149,P05,1320,1409,28.1,2026-09-30
PART-0149,P06,1267,2040,18.6,2026-09-30
PART-0149,P07,3434,2524,40.8,2026-09-30
PART-0149,P08,640,658,29.2,2026-09-30
PART-0149,P09,3035,2907,31.3,2026-09-30
PART-0149,P10,1217,842,43.4,2026-09-30
PART-0149,P11,3189,2558,37.4,2026-09-30
PART-0149,P12,858,1118,23.0,2026-09-30
PART-0150,P01,1444,2182,19.9,2026-09-30
PART-0150,P02,1867,2139,26.2,2026-09-30
PART-0150,P03,1359,1033,39.5,2026-09-30
PART-0150,P04,2415,1728,41.9,2026-09-30
PART-0150,P05,3597,2613,41.3,2026-09-30
PART-0150,P06,2521,2485,30.4,2026-09-30
PART-0150,P07,1436,1183,36.4,2026-09-30
PART-0150,P08,1673,2178,23.0,2026-09-30
PART-0150,P09,1282,2091,18.4,2026-09-30
PART-0150,P10,3781,2874,39.5,2026-09-30
PART-0150,P11,2601,1919,40.7,2026-09-30
PART-0150,P12,1033,706,43.9,2026-09-30
PART-0151,P01,751,905,24.9,2026-09-30
PART-0151,P02,1253,1687,22.3,2026-09-30
PART-0151,P03,556,446,37.4,2026-09-30
PART-0151,P04,2501,2138,35.1,2026-09-30
PART-0151,P05,3040,2414,37.8,2026-09-30
PART-0151,P06,2500,2236,33.5,2026-09-30
PART-0151,P07,1428,2018,21.2,2026-09-30
PART-0151,P08,1772,2542,20.9,2026-09-30
PART-0151,P09,1694,2446,20.8,2026-09-30
PART-0151,P10,441,416,31.8,2026-09-30
PART-0151,P11,932,1505,18.6,2026-09-30
PART-0151,P12,1959,1318,44.6,2026-09-30
PART-0152,P01,1913,2458,23.4,2026-09-30
PART-0152,P02,2624,3000,26.2,2026-09-30
PART-0152,P03,2873,1979,43.6,2026-09-30
PART-0152,P04,1000,679,44.2,2026-09-30
PART-0152,P05,1042,1726,18.1,2026-09-30
PART-0152,P06,625,759,24.7,2026-09-30
PART-0152,P07,2358,2946,24.0,2026-09-30
PART-0152,P08,2188,1469,44.7,2026-09-30
PART-0152,P09,2955,2164,41.0,2026-09-30
PART-0152,P10,2648,1782,44.6,2026-09-30
PART-0152,P11,2400,2640,27.3,2026-09-30
PART-0152,P12,623,548,34.1,2026-09-30
PART-0153,P01,1634,1715,28.6,2026-09-30
PART-0153,P02,959,858,33.6,2026-09-30
PART-0153,P03,650,620,31.5,2026-09-30
PART-0153,P04,2423,2085,34.9,2026-09-30
PART-0153,P05,3571,2979,36.0,2026-09-30
PART-0153,P06,766,670,34.3,2026-09-30
PART-0153,P07,1705,2412,21.2,2026-09-30
PART-0153,P08,3815,2918,39.2,2026-09-30
PART-0153,P09,937,1399,20.1,2026-09-30
PART-0153,P10,1828,1901,28.9,2026-09-30
PART-0153,P11,2314,1792,38.7,2026-09-30
PART-0153,P12,1038,1508,20.7,2026-09-30
PART-0154,P01,1235,1861,19.9,2026-09-30
PART-0154,P02,726,1053,20.7,2026-09-30
PART-0154,P03,2444,2412,30.4,2026-09-30
PART-0154,P04,2867,2310,37.2,2026-09-30
PART-0154,P05,1301,1280,30.5,2026-09-30
PART-0154,P06,1146,1516,22.7,2026-09-30
PART-0154,P07,1285,1363,28.3,2026-09-30
PART-0154,P08,3647,2652,41.3,2026-09-30
PART-0154,P09,2534,1952,38.9,2026-09-30
PART-0154,P10,650,528,37.0,2026-09-30
PART-0154,P11,655,449,43.8,2026-09-30
PART-0154,P12,468,362,38.8,2026-09-30
PART-0155,P01,1979,2277,26.1,2026-09-30
PART-0155,P02,1821,1749,31.2,2026-09-30
PART-0155,P03,1229,1143,32.3,2026-09-30
PART-0155,P04,1887,2754,20.6,2026-09-30
PART-0155,P05,2015,2569,23.5,2026-09-30
PART-0155,P06,876,876,30.0,2026-09-30
PART-0155,P07,3152,2411,39.2,2026-09-30
PART-0155,P08,1240,2048,18.2,2026-09-30
PART-0155,P09,2742,1924,42.8,2026-09-30
PART-0155,P10,870,1265,20.7,2026-09-30
PART-0155,P11,3017,2641,34.3,2026-09-30
PART-0155,P12,2994,2144,41.9,2026-09-30
PART-0156,P01,2280,2027,33.8,2026-09-30
PART-0156,P02,3160,2820,33.6,2026-09-30
PART-0156,P03,2418,1648,44.0,2026-09-30
PART-0156,P04,620,931,20.0,2026-09-30
PART-0156,P05,1127,1651,20.5,2026-09-30
PART-0156,P06,875,751,35.0,2026-09-30
PART-0156,P07,1314,1159,34.0,2026-09-30
PART-0156,P08,816,598,41.0,2026-09-30
PART-0156,P09,1780,1546,34.5,2026-09-30
PART-0156,P10,2591,1855,41.9,2026-09-30
PART-0156,P11,933,727,38.5,2026-09-30
PART-0156,P12,856,852,30.1,2026-09-30
PART-0157,P01,1182,1417,25.0,2026-09-30
PART-0157,P02,262,311,25.4,2026-09-30
PART-0157,P03,1147,782,44.0,2026-09-30
PART-0157,P04,1313,1147,34.3,2026-09-30
PART-0157,P05,4071,2919,41.8,2026-09-30
PART-0157,P06,1391,1170,35.7,2026-09-30
PART-0157,P07,4187,2910,43.2,2026-09-30
PART-0157,P08,687,775,26.6,2026-09-30
PART-0157,P09,690,481,43.1,2026-09-30
PART-0157,P10,1850,2140,25.9,2026-09-30
PART-0157,P11,3952,2924,40.6,2026-09-30
PART-0157,P12,220,303,21.8,2026-09-30
PART-0158,P01,711,1070,20.0,2026-09-30
PART-0158,P02,1480,1175,37.8,2026-09-30
PART-0158,P03,3039,2705,33.7,2026-09-30
PART-0158,P04,900,888,30.4,2026-09-30
PART-0158,P05,2359,1971,35.9,2026-09-30
PART-0158,P06,2429,2495,29.2,2026-09-30
PART-0158,P07,425,480,26.6,2026-09-30
PART-0158,P08,2467,2384,31.0,2026-09-30
PART-0158,P09,303,338,26.9,2026-09-30
PART-0158,P10,914,793,34.6,2026-09-30
PART-0158,P11,1623,1094,44.5,2026-09-30
PART-0158,P12,748,913,24.6,2026-09-30
PART-0159,P01,2378,2384,29.9,2026-09-30
PART-0159,P02,2694,2673,30.2,2026-09-30
PART-0159,P03,391,377,31.1,2026-09-30
PART-0159,P04,2611,2216,35.4,2026-09-30
PART-0159,P05,2714,2593,31.4,2026-09-30
PART-0159,P06,955,1172,24.5,2026-09-30
PART-0159,P07,1782,2155,24.8,2026-09-30
PART-0159,P08,202,317,19.2,2026-09-30
PART-0159,P09,1618,1550,31.3,2026-09-30
PART-0159,P10,491,665,22.2,2026-09-30
PART-0159,P11,2992,2963,30.3,2026-09-30
PART-0159,P12,2657,2591,30.8,2026-09-30
PART-0160,P01,251,303,24.9,2026-09-30
PART-0160,P02,2112,2296,27.6,2026-09-30
PART-0160,P03,2985,2890,31.0,2026-09-30
PART-0160,P04,1902,1908,29.9,2026-09-30
PART-0160,P05,987,1055,28.1,2026-09-30
PART-0160,P06,1128,1259,26.9,2026-09-30
PART-0160,P07,845,770,32.9,2026-09-30
PART-0160,P08,235,364,19.4,2026-09-30
PART-0160,P09,1084,883,36.8,2026-09-30
PART-0160,P10,2763,2921,28.4,2026-09-30
PART-0160,P11,1242,1305,28.6,2026-09-30
PART-0160,P12,1957,1322,44.4,2026-09-30
PART-0161,P01,915,1218,22.6,2026-09-30
PART-0161,P02,2112,1726,36.7,2026-09-30
PART-0161,P03,1090,916,35.7,2026-09-30
PART-0161,P04,1088,1292,25.3,2026-09-30
PART-0161,P05,1752,1420,37.0,2026-09-30
PART-0161,P06,2447,1744,42.1,2026-09-30
PART-0161,P07,2758,2553,32.4,2026-09-30
PART-0161,P08,795,983,24.3,2026-09-30
PART-0161,P09,1052,1685,18.7,2026-09-30
PART-0161,P10,744,548,40.8,2026-09-30
PART-0161,P11,3201,2214,43.4,2026-09-30
PART-0161,P12,1722,1287,40.2,2026-09-30
PART-0162,P01,2691,2873,28.1,2026-09-30
PART-0162,P02,2275,2088,32.7,2026-09-30
PART-0162,P03,2295,2810,24.5,2026-09-30
PART-0162,P04,2304,2146,32.2,2026-09-30
PART-0162,P05,1164,1211,28.8,2026-09-30
PART-0162,P06,1809,2361,23.0,2026-09-30
PART-0162,P07,1302,913,42.8,2026-09-30
PART-0162,P08,456,598,22.9,2026-09-30
PART-0162,P09,1122,1774,19.0,2026-09-30
PART-0162,P10,3761,2686,42.0,2026-09-30
PART-0162,P11,1713,1381,37.2,2026-09-30
PART-0162,P12,903,693,39.1,2026-09-30
PART-0163,P01,838,996,25.3,2026-09-30
PART-0163,P02,1200,1702,21.2,2026-09-30
PART-0163,P03,2933,2706,32.5,2026-09-30
PART-0163,P04,2123,2328,27.4,2026-09-30
PART-0163,P05,3244,2861,34.0,2026-09-30
PART-0163,P06,1333,1951,20.5,2026-09-30
PART-0163,P07,521,396,39.5,2026-09-30
PART-0163,P08,940,1300,21.7,2026-09-30
PART-0163,P09,1755,1637,32.2,2026-09-30
PART-0163,P10,1397,1034,40.5,2026-09-30
PART-0163,P11,2281,1737,39.4,2026-09-30
PART-0163,P12,1268,1735,21.9,2026-09-30
PART-0164,P01,1339,1134,35.4,2026-09-30
PART-0164,P02,2752,2917,28.3,2026-09-30
PART-0164,P03,420,301,42.0,2026-09-30
PART-0164,P04,785,653,36.1,2026-09-30
PART-0164,P05,1439,2144,20.1,2026-09-30
PART-0164,P06,2216,1770,37.6,2026-09-30
PART-0164,P07,2680,1937,41.5,2026-09-30
PART-0164,P08,1696,1154,44.1,2026-09-30
PART-0164,P09,3606,2435,44.4,2026-09-30
PART-0164,P10,1198,1061,33.9,2026-09-30
PART-0164,P11,2220,1532,43.5,2026-09-30
PART-0164,P12,786,1244,19.0,2026-09-30
PART-0165,P01,1586,1735,27.4,2026-09-30
PART-0165,P02,3327,2565,38.9,2026-09-30
PART-0165,P03,3595,2767,39.0,2026-09-30
PART-0165,P04,390,430,27.2,2026-09-30
PART-0165,P05,1418,1520,28.0,2026-09-30
PART-0165,P06,1408,1634,25.9,2026-09-30
PART-0165,P07,4316,2979,43.5,2026-09-30
PART-0165,P08,2739,1851,44.4,2026-09-30
PART-0165,P09,3691,2897,38.2,2026-09-30
PART-0165,P10,2191,2287,28.7,2026-09-30
PART-0165,P11,2679,2725,29.5,2026-09-30
PART-0165,P12,3236,2970,32.7,2026-09-30
PART-0166,P01,2379,1855,38.5,2026-09-30
PART-0166,P02,2837,1985,42.9,2026-09-30
PART-0166,P03,4066,2721,44.8,2026-09-30
PART-0166,P04,2786,2376,35.2,2026-09-30
PART-0166,P05,699,801,26.2,2026-09-30
PART-0166,P06,1701,1585,32.2,2026-09-30
PART-0166,P07,326,499,19.6,2026-09-30
PART-0166,P08,1459,976,44.9,2026-09-30
PART-0166,P09,2927,2381,36.9,2026-09-30
PART-0166,P10,3524,2378,44.5,2026-09-30
PART-0166,P11,2557,2052,37.4,2026-09-30
PART-0166,P12,2318,1971,35.3,2026-09-30
PART-0167,P01,708,564,37.7,2026-09-30
PART-0167,P02,1317,1432,27.6,2026-09-30
PART-0167,P03,1481,1934,23.0,2026-09-30
PART-0167,P04,3328,2391,41.8,2026-09-30
PART-0167,P05,2325,1968,35.5,2026-09-30
PART-0167,P06,1450,1191,36.5,2026-09-30
PART-0167,P07,1906,2713,21.1,2026-09-30
PART-0167,P08,368,350,31.6,2026-09-30
PART-0167,P09,871,624,41.9,2026-09-30
PART-0167,P10,1753,1973,26.7,2026-09-30
PART-0167,P11,3713,2590,43.0,2026-09-30
PART-0167,P12,1633,1732,28.3,2026-09-30
PART-0168,P01,887,1392,19.1,2026-09-30
PART-0168,P02,1211,1121,32.4,2026-09-30
PART-0168,P03,974,746,39.2,2026-09-30
PART-0168,P04,1873,2020,27.8,2026-09-30
PART-0168,P05,1450,1096,39.7,2026-09-30
PART-0168,P06,599,454,39.6,2026-09-30
PART-0168,P07,2929,2617,33.6,2026-09-30
PART-0168,P08,1031,1267,24.4,2026-09-30
PART-0168,P09,981,816,36.1,2026-09-30
PART-0168,P10,1735,1891,27.5,2026-09-30
PART-0168,P11,3890,2646,44.1,2026-09-30
PART-0168,P12,430,509,25.4,2026-09-30
PART-0169,P01,1609,1975,24.5,2026-09-30
PART-0169,P02,548,745,22.1,2026-09-30
PART-0169,P03,1911,2194,26.1,2026-09-30
PART-0169,P04,894,891,30.1,2026-09-30
PART-0169,P05,648,621,31.3,2026-09-30
PART-0169,P06,842,680,37.2,2026-09-30
PART-0169,P07,704,657,32.2,2026-09-30
PART-0169,P08,1029,1670,18.5,2026-09-30
PART-0169,P09,1345,1922,21.0,2026-09-30
PART-0169,P10,3057,2595,35.3,2026-09-30
PART-0169,P11,4379,2993,43.9,2026-09-30
PART-0169,P12,966,1505,19.3,2026-09-30
PART-0170,P01,899,1455,18.6,2026-09-30
PART-0170,P02,1634,1231,39.8,2026-09-30
PART-0170,P03,2318,2373,29.3,2026-09-30
PART-0170,P04,1217,1271,28.7,2026-09-30
PART-0170,P05,1651,1632,30.4,2026-09-30
PART-0170,P06,1926,1898,30.4,2026-09-30
PART-0170,P07,2653,2035,39.1,2026-09-30
PART-0170,P08,1538,1831,25.2,2026-09-30
PART-0170,P09,2155,2084,31.0,2026-09-30
PART-0170,P10,898,630,42.8,2026-09-30
PART-0170,P11,481,602,24.0,2026-09-30
PART-0170,P12,3480,2570,40.6,2026-09-30
PART-0171,P01,1841,2365,23.4,2026-09-30
PART-0171,P02,1122,977,34.5,2026-09-30
PART-0171,P03,1114,1418,23.6,2026-09-30
PART-0171,P04,3647,2705,40.5,2026-09-30
PART-0171,P05,985,1113,26.6,2026-09-30
PART-0171,P06,2380,2929,24.4,2026-09-30
PART-0171,P07,3354,2545,39.5,2026-09-30
PART-0171,P08,3946,2784,42.5,2026-09-30
PART-0171,P09,3037,2275,40.1,2026-09-30
PART-0171,P10,1134,1781,19.1,2026-09-30
PART-0171,P11,1972,2441,24.2,2026-09-30
PART-0171,P12,2551,2297,33.3,2026-09-30
PART-0172,P01,3350,2488,40.4,2026-09-30
PART-0172,P02,2817,2275,37.2,2026-09-30
PART-0172,P03,1361,1519,26.9,2026-09-30
PART-0172,P04,1851,1676,33.1,2026-09-30
PART-0172,P05,645,556,34.8,2026-09-30
PART-0172,P06,2721,2051,39.8,2026-09-30
PART-0172,P07,3254,2561,38.1,2026-09-30
PART-0172,P08,2430,2971,24.5,2026-09-30
PART-0172,P09,710,517,41.2,2026-09-30
PART-0172,P10,803,882,27.3,2026-09-30
PART-0172,P11,766,736,31.2,2026-09-30
PART-0172,P12,918,775,35.6,2026-09-30
PART-0173,P01,3970,2710,44.0,2026-09-30
PART-0173,P02,3893,2837,41.2,2026-09-30
PART-0173,P03,2715,2252,36.2,2026-09-30
PART-0173,P04,1270,986,38.7,2026-09-30
PART-0173,P05,1815,2782,19.6,2026-09-30
PART-0173,P06,2411,2108,34.3,2026-09-30
PART-0173,P07,1117,1526,22.0,2026-09-30
PART-0173,P08,1223,1472,24.9,2026-09-30
PART-0173,P09,284,310,27.5,2026-09-30
PART-0173,P10,2488,1946,38.4,2026-09-30
PART-0173,P11,1853,2716,20.5,2026-09-30
PART-0173,P12,1164,929,37.6,2026-09-30
PART-0174,P01,2071,2769,22.4,2026-09-30
PART-0174,P02,948,1224,23.2,2026-09-30
PART-0174,P03,460,713,19.4,2026-09-30
PART-0174,P04,2300,1677,41.1,2026-09-30
PART-0174,P05,1322,993,40.0,2026-09-30
PART-0174,P06,1949,1654,35.4,2026-09-30
PART-0174,P07,819,578,42.6,2026-09-30
PART-0174,P08,930,1008,27.7,2026-09-30
PART-0174,P09,2987,2497,35.9,2026-09-30
PART-0174,P10,2919,2795,31.3,2026-09-30
PART-0174,P11,3046,2416,37.8,2026-09-30
PART-0174,P12,2211,2726,24.3,2026-09-30
PART-0175,P01,916,1274,21.6,2026-09-30
PART-0175,P02,3230,2884,33.6,2026-09-30
PART-0175,P03,2018,1731,35.0,2026-09-30
PART-0175,P04,1478,2272,19.5,2026-09-30
PART-0175,P05,3414,2639,38.8,2026-09-30
PART-0175,P06,2463,2099,35.2,2026-09-30
PART-0175,P07,1620,1881,25.8,2026-09-30
PART-0175,P08,2022,1440,42.1,2026-09-30
PART-0175,P09,2831,2919,29.1,2026-09-30
PART-0175,P10,2249,2397,28.2,2026-09-30
PART-0175,P11,2573,2541,30.4,2026-09-30
PART-0175,P12,3010,2620,34.5,2026-09-30
PART-0176,P01,1338,997,40.3,2026-09-30
PART-0176,P02,1467,2381,18.5,2026-09-30
PART-0176,P03,1531,1066,43.1,2026-09-30
PART-0176,P04,2848,2545,33.6,2026-09-30
PART-0176,P05,1385,931,44.6,2026-09-30
PART-0176,P06,2238,1756,38.2,2026-09-30
PART-0176,P07,1063,1113,28.7,2026-09-30
PART-0176,P08,855,619,41.5,2026-09-30
PART-0176,P09,1780,2430,22.0,2026-09-30
PART-0176,P10,2657,2223,35.9,2026-09-30
PART-0176,P11,957,1044,27.5,2026-09-30
PART-0176,P12,587,854,20.6,2026-09-30
PART-0177,P01,1117,1226,27.4,2026-09-30
PART-0177,P02,2975,2066,43.2,2026-09-30
PART-0177,P03,2617,2752,28.5,2026-09-30
PART-0177,P04,1826,1634,33.5,2026-09-30
PART-0177,P05,3335,2270,44.1,2026-09-30
PART-0177,P06,712,551,38.8,2026-09-30
PART-0177,P07,3892,2908,40.2,2026-09-30
PART-0177,P08,1700,2260,22.6,2026-09-30
PART-0177,P09,1469,2061,21.4,2026-09-30
PART-0177,P10,3411,2854,35.9,2026-09-30
PART-0177,P11,4432,2967,44.8,2026-09-30
PART-0177,P12,1328,2008,19.9,2026-09-30
PART-0178,P01,1763,2419,21.9,2026-09-30
PART-0178,P02,2884,2980,29.0,2026-09-30
PART-0178,P03,2550,2994,25.6,2026-09-30
PART-0178,P04,1406,2036,20.7,2026-09-30
PART-0178,P05,1442,1257,34.4,2026-09-30
PART-0178,P06,1689,1820,27.9,2026-09-30
PART-0178,P07,743,892,25.0,2026-09-30
PART-0178,P08,3408,2319,44.1,2026-09-30
PART-0178,P09,2006,2515,23.9,2026-09-30
PART-0178,P10,1298,1750,22.3,2026-09-30
PART-0178,P11,2691,1846,43.7,2026-09-30
PART-0178,P12,871,852,30.7,2026-09-30
PART-0179,P01,548,646,25.5,2026-09-30
PART-0179,P02,1692,2804,18.1,2026-09-30
PART-0179,P03,785,1073,22.0,2026-09-30
PART-0179,P04,2049,2297,26.8,2026-09-30
PART-0179,P05,1447,1120,38.8,2026-09-30
PART-0179,P06,2666,2477,32.3,2026-09-30
PART-0179,P07,2623,2077,37.9,2026-09-30
PART-0179,P08,1186,885,40.2,2026-09-30
PART-0179,P09,1930,2452,23.6,2026-09-30
PART-0179,P10,3557,2931,36.4,2026-09-30
PART-0179,P11,2621,1753,44.9,2026-09-30
PART-0179,P12,3689,2810,39.4,2026-09-30
PART-0180,P01,1344,1230,32.8,2026-09-30
PART-0180,P02,623,984,19.0,2026-09-30
PART-0180,P03,1673,2225,22.6,2026-09-30
PART-0180,P04,977,683,43.0,2026-09-30
PART-0180,P05,539,406,39.8,2026-09-30
PART-0180,P06,912,1033,26.5,2026-09-30
PART-0180,P07,1597,1546,31.0,2026-09-30
PART-0180,P08,541,401,40.5,2026-09-30
PART-0180,P09,2155,2947,21.9,2026-09-30
PART-0180,P10,2771,2596,32.0,2026-09-30
PART-0180,P11,3536,2507,42.3,2026-09-30
PART-0180,P12,1681,2600,19.4,2026-09-30
PART-0181,P01,3847,2996,38.5,2026-09-30
PART-0181,P02,961,1102,26.2,2026-09-30
PART-0181,P03,1358,2129,19.1,2026-09-30
PART-0181,P04,790,933,25.4,2026-09-30
PART-0181,P05,2448,2330,31.5,2026-09-30
PART-0181,P06,1596,1138,42.1,2026-09-30
PART-0181,P07,769,973,23.7,2026-09-30
PART-0181,P08,1105,1026,32.3,2026-09-30
PART-0181,P09,304,482,18.9,2026-09-30
PART-0181,P10,1309,1657,23.7,2026-09-30
PART-0181,P11,862,1302,19.9,2026-09-30
PART-0181,P12,1306,1077,36.4,2026-09-30
PART-0182,P01,733,738,29.8,2026-09-30
PART-0182,P02,614,507,36.4,2026-09-30
PART-0182,P03,2291,2247,30.6,2026-09-30
PART-0182,P04,463,530,26.2,2026-09-30
PART-0182,P05,959,808,35.6,2026-09-30
PART-0182,P06,1882,2888,19.6,2026-09-30
PART-0182,P07,590,394,45.0,2026-09-30
PART-0182,P08,2056,1454,42.4,2026-09-30
PART-0182,P09,2496,2157,34.7,2026-09-30
PART-0182,P10,1563,1627,28.8,2026-09-30
PART-0182,P11,3439,2812,36.7,2026-09-30
PART-0182,P12,2547,2361,32.4,2026-09-30
PART-0183,P01,2130,1592,40.2,2026-09-30
PART-0183,P02,2077,1757,35.5,2026-09-30
PART-0183,P03,665,859,23.3,2026-09-30
PART-0183,P04,3009,2087,43.3,2026-09-30
PART-0183,P05,3745,2802,40.1,2026-09-30
PART-0183,P06,2658,2417,33.0,2026-09-30
PART-0183,P07,1705,2041,25.1,2026-09-30
PART-0183,P08,1865,1320,42.4,2026-09-30
PART-0183,P09,756,1213,18.7,2026-09-30
PART-0183,P10,1618,2138,22.7,2026-09-30
PART-0183,P11,2373,2009,35.4,2026-09-30
PART-0183,P12,1259,1016,37.2,2026-09-30
PART-0184,P01,622,820,22.8,2026-09-30
PART-0184,P02,1649,1871,26.4,2026-09-30
PART-0184,P03,1666,2342,21.3,2026-09-30
PART-0184,P04,2341,1832,38.3,2026-09-30
PART-0184,P05,956,830,34.6,2026-09-30
PART-0184,P06,338,327,31.1,2026-09-30
PART-0184,P07,797,647,37.0,2026-09-30
PART-0184,P08,1617,2096,23.2,2026-09-30
PART-0184,P09,594,985,18.1,2026-09-30
PART-0184,P10,338,423,24.0,2026-09-30
PART-0184,P11,2356,2490,28.4,2026-09-30
PART-0184,P12,1934,2136,27.2,2026-09-30
PART-0185,P01,2000,1374,43.7,2026-09-30
PART-0185,P02,982,1214,24.3,2026-09-30
PART-0185,P03,557,719,23.3,2026-09-30
PART-0185,P04,569,541,31.6,2026-09-30
PART-0185,P05,921,670,41.3,2026-09-30
PART-0185,P06,851,687,37.2,2026-09-30
PART-0185,P07,1204,1164,31.0,2026-09-30
PART-0185,P08,1328,1449,27.5,2026-09-30
PART-0185,P09,1907,1434,39.9,2026-09-30
PART-0185,P10,1015,873,34.9,2026-09-30
PART-0185,P11,825,747,33.2,2026-09-30
PART-0185,P12,623,793,23.6,2026-09-30
PART-0186,P01,957,1424,20.2,2026-09-30
PART-0186,P02,3206,2280,42.2,2026-09-30
PART-0186,P03,2533,1891,40.2,2026-09-30
PART-0186,P04,905,924,29.4,2026-09-30
PART-0186,P05,1638,1718,28.6,2026-09-30
PART-0186,P06,1863,2288,24.4,2026-09-30
PART-0186,P07,1401,1106,38.0,2026-09-30
PART-0186,P08,715,496,43.2,2026-09-30
PART-0186,P09,1183,1709,20.8,2026-09-30
PART-0186,P10,4014,2851,42.2,2026-09-30
PART-0186,P11,963,846,34.2,2026-09-30
PART-0186,P12,2608,2151,36.4,2026-09-30
PART-0187,P01,788,1106,21.4,2026-09-30
PART-0187,P02,3429,2600,39.6,2026-09-30
PART-0187,P03,913,1402,19.6,2026-09-30
PART-0187,P04,2009,1763,34.2,2026-09-30
PART-0187,P05,575,400,43.2,2026-09-30
PART-0187,P06,1908,1690,33.9,2026-09-30
PART-0187,P07,234,331,21.3,2026-09-30
PART-0187,P08,1133,1119,30.4,2026-09-30
PART-0187,P09,2072,2842,21.9,2026-09-30
PART-0187,P10,2169,1543,42.2,2026-09-30
PART-0187,P11,3032,2259,40.3,2026-09-30
PART-0187,P12,1969,2962,19.9,2026-09-30
PART-0188,P01,347,470,22.2,2026-09-30
PART-0188,P02,3038,2325,39.2,2026-09-30
PART-0188,P03,2601,2416,32.3,2026-09-30
PART-0188,P04,2440,2912,25.1,2026-09-30
PART-0188,P05,740,955,23.3,2026-09-30
PART-0188,P06,1477,2424,18.3,2026-09-30
PART-0188,P07,902,1043,25.9,2026-09-30
PART-0188,P08,1688,1630,31.1,2026-09-30
PART-0188,P09,2240,2275,29.5,2026-09-30
PART-0188,P10,2962,2666,33.3,2026-09-30
PART-0188,P11,3412,2401,42.6,2026-09-30
PART-0188,P12,1638,2112,23.3,2026-09-30
PART-0189,P01,1007,1328,22.8,2026-09-30
PART-0189,P02,3213,2775,34.7,2026-09-30
PART-0189,P03,1880,1588,35.5,2026-09-30
PART-0189,P04,1258,2052,18.4,2026-09-30
PART-0189,P05,1554,1389,33.6,2026-09-30
PART-0189,P06,971,1341,21.7,2026-09-30
PART-0189,P07,2062,1750,35.4,2026-09-30
PART-0189,P08,2186,2959,22.2,2026-09-30
PART-0189,P09,1262,1163,32.6,2026-09-30
PART-0189,P10,3319,2561,38.9,2026-09-30
PART-0189,P11,361,314,34.6,2026-09-30
PART-0189,P12,1229,1867,19.8,2026-09-30
PART-0190,P01,1050,815,38.7,2026-09-30
PART-0190,P02,1483,1011,44.0,2026-09-30
PART-0190,P03,584,652,26.9,2026-09-30
PART-0190,P04,543,458,35.6,2026-09-30
PART-0190,P05,441,344,38.5,2026-09-30
PART-0190,P06,1914,1496,38.4,2026-09-30
PART-0190,P07,1095,803,40.9,2026-09-30
PART-0190,P08,999,796,37.7,2026-09-30
PART-0190,P09,1296,905,43.0,2026-09-30
PART-0190,P10,2478,2546,29.2,2026-09-30
PART-0190,P11,559,760,22.1,2026-09-30
PART-0190,P12,1085,1454,22.4,2026-09-30
PART-0191,P01,2955,2227,39.8,2026-09-30
PART-0191,P02,1798,2855,18.9,2026-09-30
PART-0191,P03,2416,2053,35.3,2026-09-30
PART-0191,P04,1575,1411,33.5,2026-09-30
PART-0191,P05,1143,1156,29.7,2026-09-30
PART-0191,P06,387,374,31.1,2026-09-30
PART-0191,P07,776,619,37.6,2026-09-30
PART-0191,P08,876,766,34.3,2026-09-30
PART-0191,P09,1904,1335,42.8,2026-09-30
PART-0191,P10,2669,2327,34.4,2026-09-30
PART-0191,P11,3361,2578,39.1,2026-09-30
PART-0191,P12,1636,1756,28.0,2026-09-30
PART-0192,P01,2514,1883,40.1,2026-09-30
PART-0192,P02,850,697,36.6,2026-09-30
PART-0192,P03,1330,1501,26.6,2026-09-30
PART-0192,P04,3007,2065,43.7,2026-09-30
PART-0192,P05,790,1164,20.4,2026-09-30
PART-0192,P06,297,327,27.3,2026-09-30
PART-0192,P07,2145,2805,22.9,2026-09-30
PART-0192,P08,718,810,26.6,2026-09-30
PART-0192,P09,2374,1847,38.6,2026-09-30
PART-0192,P10,1906,1534,37.3,2026-09-30
PART-0192,P11,2191,1922,34.2,2026-09-30
PART-0192,P12,2577,2957,26.1,2026-09-30
PART-0193,P01,2394,1854,38.7,2026-09-30
PART-0193,P02,1683,1545,32.7,2026-09-30
PART-0193,P03,1255,2073,18.2,2026-09-30
PART-0193,P04,1030,779,39.7,2026-09-30
PART-0193,P05,1519,1454,31.3,2026-09-30
PART-0193,P06,3494,2531,41.4,2026-09-30
PART-0193,P07,1756,1273,41.4,2026-09-30
PART-0193,P08,1325,1451,27.4,2026-09-30
PART-0193,P09,3477,2606,40.0,2026-09-30
PART-0193,P10,2290,2564,26.8,2026-09-30
PART-0193,P11,1048,964,32.6,2026-09-30
PART-0193,P12,636,639,29.9,2026-09-30
PART-0194,P01,2425,2661,27.3,2026-09-30
PART-0194,P02,1551,1909,24.4,2026-09-30
PART-0194,P03,3374,2401,42.2,2026-09-30
PART-0194,P04,1267,1498,25.4,2026-09-30
PART-0194,P05,1286,948,40.7,2026-09-30
PART-0194,P06,2033,2093,29.1,2026-09-30
PART-0194,P07,1297,1892,20.6,2026-09-30
PART-0194,P08,2330,1611,43.4,2026-09-30
PART-0194,P09,725,647,33.6,2026-09-30
PART-0194,P10,959,1395,20.6,2026-09-30
PART-0194,P11,2186,1772,37.0,2026-09-30
PART-0194,P12,643,714,27.1,2026-09-30
PART-0195,P01,1136,1225,27.8,2026-09-30
PART-0195,P02,396,395,30.1,2026-09-30
PART-0195,P03,2721,2369,34.5,2026-09-30
PART-0195,P04,1395,2194,19.1,2026-09-30
PART-0195,P05,2681,2227,36.1,2026-09-30
PART-0195,P06,3633,2707,40.3,2026-09-30
PART-0195,P07,1059,949,33.5,2026-09-30
PART-0195,P08,2418,1646,44.1,2026-09-30
PART-0195,P09,1750,1190,44.1,2026-09-30
PART-0195,P10,1168,1072,32.7,2026-09-30
PART-0195,P11,1139,928,36.8,2026-09-30
PART-0195,P12,3069,2332,39.5,2026-09-30
PART-0196,P01,2150,2321,27.8,2026-09-30
PART-0196,P02,447,491,27.4,2026-09-30
PART-0196,P03,1506,1947,23.2,2026-09-30
PART-0196,P04,1101,1155,28.6,2026-09-30
PART-0196,P05,2032,1587,38.4,2026-09-30
PART-0196,P06,606,460,39.6,2026-09-30
PART-0196,P07,2123,1441,44.2,2026-09-30
PART-0196,P08,804,621,38.9,2026-09-30
PART-0196,P09,222,356,18.8,2026-09-30
PART-0196,P10,1624,1870,26.1,2026-09-30
PART-0196,P11,1957,1516,38.7,2026-09-30
PART-0196,P12,977,807,36.4,2026-09-30
PART-0197,P01,1213,1955,18.6,2026-09-30
PART-0197,P02,2282,2181,31.4,2026-09-30
PART-0197,P03,972,834,35.0,2026-09-30
PART-0197,P04,945,884,32.1,2026-09-30
PART-0197,P05,2003,1897,31.7,2026-09-30
PART-0197,P06,769,668,34.5,2026-09-30
PART-0197,P07,439,305,43.3,2026-09-30
PART-0197,P08,1289,1419,27.3,2026-09-30
PART-0197,P09,1950,2815,20.8,2026-09-30
PART-0197,P10,1149,1801,19.2,2026-09-30
PART-0197,P11,3342,2571,39.0,2026-09-30
PART-0197,P12,537,870,18.5,2026-09-30
PART-0198,P01,1505,2302,19.6,2026-09-30
PART-0198,P02,1488,2052,21.8,2026-09-30
PART-0198,P03,3383,2961,34.3,2026-09-30
PART-0198,P04,1323,1003,39.6,2026-09-30
PART-0198,P05,1162,1558,22.4,2026-09-30
PART-0198,P06,3549,2665,40.0,2026-09-30
PART-0198,P07,2434,2375,30.8,2026-09-30
PART-0198,P08,1723,1198,43.2,2026-09-30
PART-0198,P09,765,716,32.1,2026-09-30
PART-0198,P10,1627,2657,18.4,2026-09-30
PART-0198,P11,3206,2939,32.7,2026-09-30
PART-0198,P12,2141,2575,24.9,2026-09-30
PART-0199,P01,1677,1199,42.0,2026-09-30
PART-0199,P02,1758,2071,25.5,2026-09-30
PART-0199,P03,1503,1639,27.5,2026-09-30
PART-0199,P04,2699,2659,30.5,2026-09-30
PART-0199,P05,2350,1863,37.8,2026-09-30
PART-0199,P06,1300,885,44.1,2026-09-30
PART-0199,P07,2010,2551,23.6,2026-09-30
PART-0199,P08,1213,1800,20.2,2026-09-30
PART-0199,P09,2202,2237,29.5,2026-09-30
PART-0199,P10,2096,2929,21.5,2026-09-30
PART-0199,P11,1432,1454,29.6,2026-09-30
PART-0199,P12,1322,1026,38.7,2026-09-30
PART-0200,P01,2277,1843,37.1,2026-09-30
PART-0200,P02,1707,2764,18.5,2026-09-30
PART-0200,P03,3006,2129,42.4,2026-09-30
PART-0200,P04,715,978,21.9,2026-09-30
PART-0200,P05,516,657,23.6,2026-09-30
PART-0200,P06,1887,2481,22.8,2026-09-30
PART-0200,P07,824,915,27.0,2026-09-30
PART-0200,P08,1719,2786,18.5,2026-09-30
PART-0200,P09,710,497,42.9,2026-09-30
PART-0200,P10,2230,1522,44.0,2026-09-30
PART-0200,P11,1256,1342,28.1,2026-09-30
PART-0200,P12,1939,1382,42.1,2026-09-30
