part_id,part_name,category,unit_cost,supplier_id
PART-MCU-101,Microcontroller Unit 101,Electronics,104.41,S-017
PART-MCU-102,Microcontroller Unit 102,Electronics,76.66,S-017
PART-MCU-103,Microcontroller Unit 103,Electronics,49.76,S-017
PART-MCU-104,Microcontroller Unit 104,Electronics,73.62,S-017
PART-MCU-105,Microcontroller Unit 105,Electronics,119.71,S-017
PART-MCU-106,Microcontroller Unit 106,Electronics,84.68,S-017
PART-MCU-107,Microcontroller Unit 107,Electronics,117.83,S-017
PART-MCU-108,Microcontroller Unit 108,Electronics,109.56,S-017
PART-MCU-109,Microcontroller Unit 109,Electronics,45.86,S-017
PART-MCU-110,Microcontroller Unit 110,Electronics,99.05,S-017
PART-MCU-111,Microcontroller Unit 111,Electronics,96.13,S-017
PART-MCU-112,Microcontroller Unit 112,Electronics,85.27,S-017
PART-MCU-113,Microcontroller Unit 113,Electronics,65.01,S-017
PART-MCU-114,Microcontroller Unit 114,Electronics,93.07,S-017
PART-MCU-115,Microcontroller Unit 115,Electronics,53.37,S-017
PART-MCU-116,Microcontroller Unit 116,Electronics,77.61,S-017
PART-MCU-117,Microcontroller Unit 117,Electronics,79.03,S-017
PART-0018,Industrial Sub-Assembly 18,Fasteners,340.58,S-050
PART-0019,Industrial Sub-Assembly 19,Mechanical,185.07,S-007
PART-0020,Industrial Sub-Assembly 20,Fasteners,296.96,S-034
PART-0021,Industrial Sub-Assembly 21,Fluidics,81.64,S-025
PART-0022,Industrial Sub-Assembly 22,Mechanical,195.69,S-035
PART-0023,Industrial Sub-Assembly 23,Electronics,215.65,S-033
PART-0024,Industrial Sub-Assembly 24,Electronics,52.48,S-025
PART-0025,Industrial Sub-Assembly 25,Fasteners,95.22,S-016
PART-0026,Industrial Sub-Assembly 26,Fluidics,332.23,S-006
PART-0027,Industrial Sub-Assembly 27,Structural,288.37,S-050
PART-0028,Industrial Sub-Assembly 28,Fluidics,271.55,S-009
PART-0029,Industrial Sub-Assembly 29,Structural,332.19,S-011
PART-0030,Industrial Sub-Assembly 30,Fasteners,191.77,S-040
PART-0031,Industrial Sub-Assembly 31,Structural,338.06,S-036
PART-0032,Industrial Sub-Assembly 32,Mechanical,253.84,S-027
PART-0033,Industrial Sub-Assembly 33,Fasteners,161.76,S-035
PART-0034,Industrial Sub-Assembly 34,Structural,55.54,S-015
PART-0035,Industrial Sub-Assembly 35,Electronics,128.26,S-039
PART-0036,Industrial Sub-Assembly 36,Fluidics,92.09,S-015
PART-0037,Industrial Sub-Assembly 37,Electronics,38.78,S-042
PART-0038,Industrial Sub-Assembly 38,Electronics,91.7,S-003
PART-0039,Industrial Sub-Assembly 39,Fasteners,38.74,S-016
PART-0040,Industrial Sub-Assembly 40,Fasteners,239.11,S-014
PART-0041,Industrial Sub-Assembly 41,Fluidics,59.32,S-038
PART-0042,Industrial Sub-Assembly 42,Fluidics,173.34,S-032
PART-0043,Industrial Sub-Assembly 43,Structural,78.79,S-007
PART-0044,Industrial Sub-Assembly 44,Structural,133.69,S-028
PART-0045,Industrial Sub-Assembly 45,Structural,304.39,S-004
PART-0046,Industrial Sub-Assembly 46,Electronics,35.31,S-048
PART-0047,Industrial Sub-Assembly 47,Fasteners,283.2,S-007
PART-0048,Industrial Sub-Assembly 48,Mechanical,79.18,S-036
PART-0049,Industrial Sub-Assembly 49,Structural,61.96,S-012
PART-0050,Industrial Sub-Assembly 50,Fasteners,169.98,S-005
PART-0051,Industrial Sub-Assembly 51,Structural,285.69,S-037
PART-0052,Industrial Sub-Assembly 52,Electronics,31.95,S-036
PART-0053,Industrial Sub-Assembly 53,Electronics,339.61,S-050
PART-0054,Industrial Sub-Assembly 54,Mechanical,70.71,S-033
PART-0055,Industrial Sub-Assembly 55,Structural,86.61,S-027
PART-0056,Industrial Sub-Assembly 56,Electronics,70.15,S-001
PART-0057,Industrial Sub-Assembly 57,Structural,103.84,S-031
PART-0058,Industrial Sub-Assembly 58,Fasteners,156.71,S-048
PART-0059,Industrial Sub-Assembly 59,Fluidics,236.73,S-033
PART-0060,Industrial Sub-Assembly 60,Mechanical,78.62,S-014
PART-0061,Industrial Sub-Assembly 61,Electronics,209.03,S-036
PART-0062,Industrial Sub-Assembly 62,Electronics,265.57,S-004
PART-0063,Industrial Sub-Assembly 63,Electronics,210.7,S-034
PART-0064,Industrial Sub-Assembly 64,Fluidics,67.74,S-034
PART-0065,Industrial Sub-Assembly 65,Electronics,300.2,S-005
PART-0066,Industrial Sub-Assembly 66,Fluidics,37.77,S-016
PART-0067,Industrial Sub-Assembly 67,Structural,55.16,S-038
PART-0068,Industrial Sub-Assembly 68,Mechanical,208.94,S-003
PART-0069,Industrial Sub-Assembly 69,Fluidics,42.46,S-044
PART-0070,Industrial Sub-Assembly 70,Fluidics,204.35,S-022
PART-0071,Industrial Sub-Assembly 71,Fasteners,83.43,S-047
PART-0072,Industrial Sub-Assembly 72,Fasteners,94.96,S-027
PART-0073,Industrial Sub-Assembly 73,Mechanical,240.02,S-021
PART-0074,Industrial Sub-Assembly 74,Structural,120.92,S-050
PART-0075,Industrial Sub-Assembly 75,Electronics,18.12,S-041
PART-0076,Industrial Sub-Assembly 76,Fluidics,348.69,S-005
PART-0077,Industrial Sub-Assembly 77,Fluidics,86.41,S-018
PART-0078,Industrial Sub-Assembly 78,Mechanical,327.64,S-005
PART-0079,Industrial Sub-Assembly 79,Mechanical,138.79,S-011
PART-0080,Industrial Sub-Assembly 80,Structural,294.3,S-047
PART-0081,Industrial Sub-Assembly 81,Fasteners,219.91,S-043
PART-0082,Industrial Sub-Assembly 82,Fluidics,17.62,S-037
PART-0083,Industrial Sub-Assembly 83,Fasteners,327.14,S-007
PART-0084,Industrial Sub-Assembly 84,Mechanical,103.6,S-007
PART-0085,Industrial Sub-Assembly 85,Fluidics,67.08,S-020
PART-0086,Industrial Sub-Assembly 86,Fluidics,85.56,S-023
PART-0087,Industrial Sub-Assembly 87,Mechanical,245.31,S-018
PART-0088,Industrial Sub-Assembly 88,Fluidics,178.66,S-004
PART-0089,Industrial Sub-Assembly 89,Electronics,227.49,S-019
PART-0090,Industrial Sub-Assembly 90,Electronics,16.19,S-009
PART-0091,Industrial Sub-Assembly 91,Fasteners,69.13,S-030
PART-0092,Industrial Sub-Assembly 92,Fluidics,251.4,S-037
PART-0093,Industrial Sub-Assembly 93,Electronics,52.48,S-046
PART-0094,Industrial Sub-Assembly 94,Mechanical,197.77,S-025
PART-0095,Industrial Sub-Assembly 95,Fluidics,200.1,S-029
PART-0096,Industrial Sub-Assembly 96,Mechanical,29.01,S-025
PART-0097,Industrial Sub-Assembly 97,Electronics,316.14,S-014
PART-0098,Industrial Sub-Assembly 98,Mechanical,238.42,S-024
PART-0099,Industrial Sub-Assembly 99,Fluidics,311.19,S-028
PART-0100,Industrial Sub-Assembly 100,Fluidics,266.07,S-016
PART-0101,Industrial Sub-Assembly 101,Mechanical,342.03,S-012
PART-0102,Industrial Sub-Assembly 102,Structural,23.3,S-049
PART-0103,Industrial Sub-Assembly 103,Fasteners,277.1,S-028
PART-0104,Industrial Sub-Assembly 104,Mechanical,104.38,S-046
PART-0105,Industrial Sub-Assembly 105,Electronics,143.15,S-003
PART-0106,Industrial Sub-Assembly 106,Structural,89.52,S-031
PART-0107,Industrial Sub-Assembly 107,Fasteners,117.24,S-015
PART-0108,Industrial Sub-Assembly 108,Mechanical,22.93,S-013
PART-0109,Industrial Sub-Assembly 109,Structural,124.97,S-005
PART-0110,Industrial Sub-Assembly 110,Fasteners,132.63,S-034
PART-0111,Industrial Sub-Assembly 111,Structural,242.64,S-036
PART-0112,Industrial Sub-Assembly 112,Fasteners,329.64,S-008
PART-0113,Industrial Sub-Assembly 113,Fasteners,74.82,S-018
PART-0114,Industrial Sub-Assembly 114,Electronics,51.31,S-029
PART-0115,Industrial Sub-Assembly 115,Fasteners,259.06,S-022
PART-0116,Industrial Sub-Assembly 116,Structural,218.08,S-034
PART-0117,Industrial Sub-Assembly 117,Electronics,144.04,S-038
PART-0118,Industrial Sub-Assembly 118,Mechanical,100.33,S-047
PART-0119,Industrial Sub-Assembly 119,Structural,15.57,S-036
PART-0120,Industrial Sub-Assembly 120,Mechanical,137.01,S-005
PART-0121,Industrial Sub-Assembly 121,Fasteners,223.76,S-044
PART-0122,Industrial Sub-Assembly 122,Electronics,256.12,S-021
PART-0123,Industrial Sub-Assembly 123,Fluidics,118.61,S-028
PART-0124,Industrial Sub-Assembly 124,Fasteners,149.8,S-020
PART-0125,Industrial Sub-Assembly 125,Fluidics,57.64,S-028
PART-0126,Industrial Sub-Assembly 126,Structural,241.9,S-012
PART-0127,Industrial Sub-Assembly 127,Fluidics,205.65,S-027
PART-0128,Industrial Sub-Assembly 128,Fluidics,294.3,S-021
PART-0129,Industrial Sub-Assembly 129,Fasteners,85.41,S-039
PART-0130,Industrial Sub-Assembly 130,Fluidics,234.33,S-031
PART-0131,Industrial Sub-Assembly 131,Structural,163.12,S-014
PART-0132,Industrial Sub-Assembly 132,Fluidics,173.52,S-049
PART-0133,Industrial Sub-Assembly 133,Mechanical,235.71,S-020
PART-0134,Industrial Sub-Assembly 134,Fluidics,237.39,S-041
PART-0135,Industrial Sub-Assembly 135,Fasteners,46.28,S-050
PART-0136,Industrial Sub-Assembly 136,Mechanical,240.39,S-015
PART-0137,Industrial Sub-Assembly 137,Mechanical,64.36,S-003
PART-0138,Industrial Sub-Assembly 138,Mechanical,344.62,S-041
PART-0139,Industrial Sub-Assembly 139,Electronics,167.56,S-042
PART-0140,Industrial Sub-Assembly 140,Fluidics,80.14,S-046
PART-0141,Industrial Sub-Assembly 141,Structural,180.62,S-016
PART-0142,Industrial Sub-Assembly 142,Mechanical,234.78,S-001
PART-0143,Industrial Sub-Assembly 143,Electronics,275.77,S-015
PART-0144,Industrial Sub-Assembly 144,Mechanical,284.38,S-046
PART-0145,Industrial Sub-Assembly 145,Fluidics,170.62,S-037
PART-0146,Industrial Sub-Assembly 146,Mechanical,322.35,S-008
PART-0147,Industrial Sub-Assembly 147,Structural,59.67,S-031
PART-0148,Industrial Sub-Assembly 148,Fluidics,345.94,S-040
PART-0149,Industrial Sub-Assembly 149,Fasteners,333.26,S-030
PART-0150,Industrial Sub-Assembly 150,Fluidics,288.03,S-034
PART-0151,Industrial Sub-Assembly 151,Structural,293.24,S-037
PART-0152,Industrial Sub-Assembly 152,Structural,315.56,S-049
PART-0153,Industrial Sub-Assembly 153,Structural,165.77,S-050
PART-0154,Industrial Sub-Assembly 154,Mechanical,296.35,S-019
PART-0155,Industrial Sub-Assembly 155,Fluidics,177.34,S-016
PART-0156,Industrial Sub-Assembly 156,Fasteners,162.36,S-047
PART-0157,Industrial Sub-Assembly 157,Fasteners,93.56,S-023
PART-0158,Industrial Sub-Assembly 158,Fasteners,314.16,S-006
PART-0159,Industrial Sub-Assembly 159,Mechanical,65.53,S-026
PART-0160,Industrial Sub-Assembly 160,Mechanical,251.65,S-005
PART-0161,Industrial Sub-Assembly 161,Structural,151.55,S-036
PART-0162,Industrial Sub-Assembly 162,Structural,154.28,S-014
PART-0163,Industrial Sub-Assembly 163,Structural,145.47,S-039
PART-0164,Industrial Sub-Assembly 164,Electronics,302.01,S-050
PART-0165,Industrial Sub-Assembly 165,Fluidics,142.43,S-001
PART-0166,Industrial Sub-Assembly 166,Fasteners,115.04,S-026
PART-0167,Industrial Sub-Assembly 167,Structural,195.3,S-049
PART-0168,Industrial Sub-Assembly 168,Fluidics,282.96,S-015
PART-0169,Industrial Sub-Assembly 169,Structural,88.51,S-029
PART-0170,Industrial Sub-Assembly 170,Structural,24.72,S-023
PART-0171,Industrial Sub-Assembly 171,Structural,257.6,S-031
PART-0172,Industrial Sub-Assembly 172,Mechanical,343.54,S-036
PART-0173,Industrial Sub-Assembly 173,Electronics,318.82,S-039
PART-0174,Industrial Sub-Assembly 174,Fluidics,237.1,S-006
PART-0175,Industrial Sub-Assembly 175,Structural,60.46,S-031
PART-0176,Industrial Sub-Assembly 176,Mechanical,31.85,S-026
PART-0177,Industrial Sub-Assembly 177,Fasteners,85.91,S-022
PART-0178,Industrial Sub-Assembly 178,Fasteners,270.01,S-026
PART-0179,Industrial Sub-Assembly 179,Fasteners,266.92,S-028
PART-0180,Industrial Sub-Assembly 180,Fasteners,294.7,S-032
PART-0181,Industrial Sub-Assembly 181,Electronics,265.92,S-004
PART-0182,Industrial Sub-Assembly 182,Fasteners,90.11,S-005
PART-0183,Industrial Sub-Assembly 183,Electronics,267.67,S-016
PART-0184,Industrial Sub-Assembly 184,Mechanical,296.14,S-041
PART-0185,Industrial Sub-Assembly 185,Mechanical,94.91,S-032
PART-0186,Industrial Sub-Assembly 186,Electronics,203.93,S-014
PART-0187,Industrial Sub-Assembly 187,Structural,249.32,S-025
PART-0188,Industrial Sub-Assembly 188,Mechanical,217.97,S-049
PART-0189,Industrial Sub-Assembly 189,Electronics,275.56,S-011
PART-0190,Industrial Sub-Assembly 190,Fasteners,51.21,S-002
PART-0191,Industrial Sub-Assembly 191,Fasteners,207.89,S-026
PART-0192,Industrial Sub-Assembly 192,Structural,330.39,S-013
PART-0193,Industrial Sub-Assembly 193,Electronics,213.35,S-042
PART-0194,Industrial Sub-Assembly 194,Mechanical,49.14,S-021
PART-0195,Industrial Sub-Assembly 195,Fluidics,284.85,S-038
PART-0196,Industrial Sub-Assembly 196,Electronics,131.31,S-029
PART-0197,Industrial Sub-Assembly 197,Fasteners,38.1,S-043
PART-0198,Industrial Sub-Assembly 198,Fasteners,19.24,S-028
PART-0199,Industrial Sub-Assembly 199,Structural,50.36,S-025
PART-0200,Industrial Sub-Assembly 200,Structural,251.95,S-029
